ReadYamlMapping.java,com.amihaiemil.eoyaml.ReadYamlMapping,org.pitest.mutationtest.engine.gregor.mutators.ConditionalsBoundaryMutator,comment,196,SURVIVED,none
ReadYamlMapping.java,com.amihaiemil.eoyaml.ReadYamlMapping,org.pitest.mutationtest.engine.gregor.mutators.RemoveConditionalMutator_ORDER_ELSE,comment,196,SURVIVED,none
ReadYamlMapping.java,com.amihaiemil.eoyaml.ReadYamlMapping,org.pitest.mutationtest.engine.gregor.mutators.RemoveConditionalMutator_ORDER_IF,comment,196,SURVIVED,none
ReadYamlMapping.java,com.amihaiemil.eoyaml.ReadYamlMapping,org.pitest.mutationtest.engine.gregor.mutators.returns.NullReturnValsMutator,comment,198,SURVIVED,none
ReadYamlMapping.java,com.amihaiemil.eoyaml.ReadYamlMapping,org.pitest.mutationtest.engine.gregor.mutators.MathMutator,getPreviousLine,359,KILLED,com.amihaiemil.eoyaml.ReadYamlMappingTest.returnsColonInlineFlowYamlSequenceWithStringKey(com.amihaiemil.eoyaml.ReadYamlMappingTest)
ReadYamlMapping.java,com.amihaiemil.eoyaml.ReadYamlMapping,org.pitest.mutationtest.engine.gregor.mutators.RemoveConditionalMutator_EQUAL_ELSE,getPreviousLine,356,KILLED,com.amihaiemil.eoyaml.ReadYamlMappingTest.dontTurnEmptyMapsAndArraysIntoStrings(com.amihaiemil.eoyaml.ReadYamlMappingTest)
ReadYamlMapping.java,com.amihaiemil.eoyaml.ReadYamlMapping,org.pitest.mutationtest.engine.gregor.mutators.RemoveConditionalMutator_EQUAL_IF,getPreviousLine,356,KILLED,com.amihaiemil.eoyaml.ReadYamlMappingTest.returnsColonInlineFlowYamlSequenceWithStringKey(com.amihaiemil.eoyaml.ReadYamlMappingTest)
ReadYamlMapping.java,com.amihaiemil.eoyaml.ReadYamlMapping,org.pitest.mutationtest.engine.gregor.mutators.returns.NullReturnValsMutator,getPreviousLine,361,KILLED,com.amihaiemil.eoyaml.ReadYamlMappingTest.returnsColonInlineFlowYamlSequenceWithStringKey(com.amihaiemil.eoyaml.ReadYamlMappingTest)
ReadYamlMapping.java,com.amihaiemil.eoyaml.ReadYamlMapping,org.pitest.mutationtest.engine.gregor.mutators.RemoveConditionalMutator_EQUAL_ELSE,isDashMappingEntry,345,NO_COVERAGE,none
ReadYamlMapping.java,com.amihaiemil.eoyaml.ReadYamlMapping,org.pitest.mutationtest.engine.gregor.mutators.RemoveConditionalMutator_EQUAL_ELSE,isDashMappingEntry,345,NO_COVERAGE,none
ReadYamlMapping.java,com.amihaiemil.eoyaml.ReadYamlMapping,org.pitest.mutationtest.engine.gregor.mutators.RemoveConditionalMutator_EQUAL_IF,isDashMappingEntry,345,NO_COVERAGE,none
ReadYamlMapping.java,com.amihaiemil.eoyaml.ReadYamlMapping,org.pitest.mutationtest.engine.gregor.mutators.RemoveConditionalMutator_EQUAL_IF,isDashMappingEntry,345,NO_COVERAGE,none
ReadYamlMapping.java,com.amihaiemil.eoyaml.ReadYamlMapping,org.pitest.mutationtest.engine.gregor.mutators.returns.BooleanTrueReturnValsMutator,isDashMappingEntry,345,NO_COVERAGE,none
ReadYamlMapping.java,com.amihaiemil.eoyaml.ReadYamlMapping,org.pitest.mutationtest.engine.gregor.mutators.ConditionalsBoundaryMutator,keys,145,SURVIVED,none
ReadYamlMapping.java,com.amihaiemil.eoyaml.ReadYamlMapping,org.pitest.mutationtest.engine.gregor.mutators.ConditionalsBoundaryMutator,keys,150,NO_COVERAGE,none
ReadYamlMapping.java,com.amihaiemil.eoyaml.ReadYamlMapping,org.pitest.mutationtest.engine.gregor.mutators.RemoveConditionalMutator_EQUAL_ELSE,keys,141,SURVIVED,none
ReadYamlMapping.java,com.amihaiemil.eoyaml.ReadYamlMapping,org.pitest.mutationtest.engine.gregor.mutators.RemoveConditionalMutator_EQUAL_ELSE,keys,141,NO_COVERAGE,none
ReadYamlMapping.java,com.amihaiemil.eoyaml.ReadYamlMapping,org.pitest.mutationtest.engine.gregor.mutators.RemoveConditionalMutator_EQUAL_ELSE,keys,143,KILLED,com.amihaiemil.eoyaml.ReadYamlMappingTest.returnsValuesOfStringAndComplexKeys(com.amihaiemil.eoyaml.ReadYamlMappingTest)
ReadYamlMapping.java,com.amihaiemil.eoyaml.ReadYamlMapping,org.pitest.mutationtest.engine.gregor.mutators.RemoveConditionalMutator_EQUAL_ELSE,keys,147,KILLED,com.amihaiemil.eoyaml.ReadYamlMappingTest.shouldReadKeyProperlyIfValueContainsColon(com.amihaiemil.eoyaml.ReadYamlMappingTest)
ReadYamlMapping.java,com.amihaiemil.eoyaml.ReadYamlMapping,org.pitest.mutationtest.engine.gregor.mutators.RemoveConditionalMutator_EQUAL_ELSE,keys,148,SURVIVED,none
ReadYamlMapping.java,com.amihaiemil.eoyaml.ReadYamlMapping,org.pitest.mutationtest.engine.gregor.mutators.RemoveConditionalMutator_EQUAL_ELSE,keys,155,SURVIVED,none
ReadYamlMapping.java,com.amihaiemil.eoyaml.ReadYamlMapping,org.pitest.mutationtest.engine.gregor.mutators.RemoveConditionalMutator_EQUAL_ELSE,keys,156,NO_COVERAGE,none
ReadYamlMapping.java,com.amihaiemil.eoyaml.ReadYamlMapping,org.pitest.mutationtest.engine.gregor.mutators.RemoveConditionalMutator_EQUAL_ELSE,keys,157,NO_COVERAGE,none
ReadYamlMapping.java,com.amihaiemil.eoyaml.ReadYamlMapping,org.pitest.mutationtest.engine.gregor.mutators.RemoveConditionalMutator_EQUAL_ELSE,keys,162,KILLED,com.amihaiemil.eoyaml.ReadYamlMappingTest.shouldReadKeyProperlyIfValueContainsColon(com.amihaiemil.eoyaml.ReadYamlMappingTest)
ReadYamlMapping.java,com.amihaiemil.eoyaml.ReadYamlMapping,org.pitest.mutationtest.engine.gregor.mutators.RemoveConditionalMutator_EQUAL_ELSE,keys,162,KILLED,com.amihaiemil.eoyaml.ReadYamlMappingTest.shouldReadKeyProperlyIfValueContainsColon(com.amihaiemil.eoyaml.ReadYamlMappingTest)
ReadYamlMapping.java,com.amihaiemil.eoyaml.ReadYamlMapping,org.pitest.mutationtest.engine.gregor.mutators.RemoveConditionalMutator_EQUAL_ELSE,keys,166,SURVIVED,none
ReadYamlMapping.java,com.amihaiemil.eoyaml.ReadYamlMapping,org.pitest.mutationtest.engine.gregor.mutators.RemoveConditionalMutator_EQUAL_ELSE,keys,166,NO_COVERAGE,none
ReadYamlMapping.java,com.amihaiemil.eoyaml.ReadYamlMapping,org.pitest.mutationtest.engine.gregor.mutators.RemoveConditionalMutator_EQUAL_ELSE,keys,170,KILLED,com.amihaiemil.eoyaml.ReadYamlMappingTest.returnsQuotedStringContainingColonsWithStringKey(com.amihaiemil.eoyaml.ReadYamlMappingTest)
ReadYamlMapping.java,com.amihaiemil.eoyaml.ReadYamlMapping,org.pitest.mutationtest.engine.gregor.mutators.RemoveConditionalMutator_EQUAL_ELSE,keys,170,KILLED,com.amihaiemil.eoyaml.ReadYamlMappingTest.returnsQuotedStringContainingColonsWithStringKey(com.amihaiemil.eoyaml.ReadYamlMappingTest)
ReadYamlMapping.java,com.amihaiemil.eoyaml.ReadYamlMapping,org.pitest.mutationtest.engine.gregor.mutators.RemoveConditionalMutator_EQUAL_IF,keys,141,SURVIVED,none
ReadYamlMapping.java,com.amihaiemil.eoyaml.ReadYamlMapping,org.pitest.mutationtest.engine.gregor.mutators.RemoveConditionalMutator_EQUAL_IF,keys,141,NO_COVERAGE,none
ReadYamlMapping.java,com.amihaiemil.eoyaml.ReadYamlMapping,org.pitest.mutationtest.engine.gregor.mutators.RemoveConditionalMutator_EQUAL_IF,keys,143,KILLED,com.amihaiemil.eoyaml.ReadYamlMappingTest.shouldReadKeyProperlyIfValueContainsColon(com.amihaiemil.eoyaml.ReadYamlMappingTest)
ReadYamlMapping.java,com.amihaiemil.eoyaml.ReadYamlMapping,org.pitest.mutationtest.engine.gregor.mutators.RemoveConditionalMutator_EQUAL_IF,keys,147,SURVIVED,none
ReadYamlMapping.java,com.amihaiemil.eoyaml.ReadYamlMapping,org.pitest.mutationtest.engine.gregor.mutators.RemoveConditionalMutator_EQUAL_IF,keys,148,KILLED,com.amihaiemil.eoyaml.ReadYamlMappingTest.returnsKeys(com.amihaiemil.eoyaml.ReadYamlMappingTest)
ReadYamlMapping.java,com.amihaiemil.eoyaml.ReadYamlMapping,org.pitest.mutationtest.engine.gregor.mutators.RemoveConditionalMutator_EQUAL_IF,keys,155,KILLED,com.amihaiemil.eoyaml.ReadYamlMappingTest.shouldReadKeyProperlyIfValueContainsColon(com.amihaiemil.eoyaml.ReadYamlMappingTest)
ReadYamlMapping.java,com.amihaiemil.eoyaml.ReadYamlMapping,org.pitest.mutationtest.engine.gregor.mutators.RemoveConditionalMutator_EQUAL_IF,keys,156,NO_COVERAGE,none
ReadYamlMapping.java,com.amihaiemil.eoyaml.ReadYamlMapping,org.pitest.mutationtest.engine.gregor.mutators.RemoveConditionalMutator_EQUAL_IF,keys,157,NO_COVERAGE,none
ReadYamlMapping.java,com.amihaiemil.eoyaml.ReadYamlMapping,org.pitest.mutationtest.engine.gregor.mutators.RemoveConditionalMutator_EQUAL_IF,keys,162,KILLED,com.amihaiemil.eoyaml.ReadYamlMappingTest.returnsQuotedStringContainingColonsWithStringKey(com.amihaiemil.eoyaml.ReadYamlMappingTest)
ReadYamlMapping.java,com.amihaiemil.eoyaml.ReadYamlMapping,org.pitest.mutationtest.engine.gregor.mutators.RemoveConditionalMutator_EQUAL_IF,keys,162,SURVIVED,none
ReadYamlMapping.java,com.amihaiemil.eoyaml.ReadYamlMapping,org.pitest.mutationtest.engine.gregor.mutators.RemoveConditionalMutator_EQUAL_IF,keys,166,KILLED,com.amihaiemil.eoyaml.ReadYamlMappingTest.returnsQuotedStringContainingColonsWithStringKey(com.amihaiemil.eoyaml.ReadYamlMappingTest)
ReadYamlMapping.java,com.amihaiemil.eoyaml.ReadYamlMapping,org.pitest.mutationtest.engine.gregor.mutators.RemoveConditionalMutator_EQUAL_IF,keys,166,NO_COVERAGE,none
ReadYamlMapping.java,com.amihaiemil.eoyaml.ReadYamlMapping,org.pitest.mutationtest.engine.gregor.mutators.RemoveConditionalMutator_EQUAL_IF,keys,170,SURVIVED,none
ReadYamlMapping.java,com.amihaiemil.eoyaml.ReadYamlMapping,org.pitest.mutationtest.engine.gregor.mutators.RemoveConditionalMutator_EQUAL_IF,keys,170,SURVIVED,none
ReadYamlMapping.java,com.amihaiemil.eoyaml.ReadYamlMapping,org.pitest.mutationtest.engine.gregor.mutators.RemoveConditionalMutator_ORDER_ELSE,keys,145,KILLED,com.amihaiemil.eoyaml.ReadYamlMappingTest.shouldReadKeyProperlyIfValueContainsColon(com.amihaiemil.eoyaml.ReadYamlMappingTest)
ReadYamlMapping.java,com.amihaiemil.eoyaml.ReadYamlMapping,org.pitest.mutationtest.engine.gregor.mutators.RemoveConditionalMutator_ORDER_ELSE,keys,150,NO_COVERAGE,none
ReadYamlMapping.java,com.amihaiemil.eoyaml.ReadYamlMapping,org.pitest.mutationtest.engine.gregor.mutators.RemoveConditionalMutator_ORDER_IF,keys,145,SURVIVED,none
ReadYamlMapping.java,com.amihaiemil.eoyaml.ReadYamlMapping,org.pitest.mutationtest.engine.gregor.mutators.RemoveConditionalMutator_ORDER_IF,keys,150,NO_COVERAGE,none
ReadYamlMapping.java,com.amihaiemil.eoyaml.ReadYamlMapping,org.pitest.mutationtest.engine.gregor.mutators.returns.EmptyObjectReturnValsMutator,keys,180,KILLED,com.amihaiemil.eoyaml.ReadYamlMappingTest.shouldReadKeyProperlyIfValueContainsColon(com.amihaiemil.eoyaml.ReadYamlMappingTest)
ReadYamlMapping.java,com.amihaiemil.eoyaml.ReadYamlMapping,org.pitest.mutationtest.engine.gregor.mutators.ConditionalsBoundaryMutator,lambda$comment$6,209,SURVIVED,none
ReadYamlMapping.java,com.amihaiemil.eoyaml.ReadYamlMapping,org.pitest.mutationtest.engine.gregor.mutators.ConditionalsBoundaryMutator,lambda$comment$6,214,SURVIVED,none
ReadYamlMapping.java,com.amihaiemil.eoyaml.ReadYamlMapping,org.pitest.mutationtest.engine.gregor.mutators.RemoveConditionalMutator_EQUAL_ELSE,lambda$comment$6,206,SURVIVED,none
ReadYamlMapping.java,com.amihaiemil.eoyaml.ReadYamlMapping,org.pitest.mutationtest.engine.gregor.mutators.RemoveConditionalMutator_EQUAL_ELSE,lambda$comment$6,207,SURVIVED,none
ReadYamlMapping.java,com.amihaiemil.eoyaml.ReadYamlMapping,org.pitest.mutationtest.engine.gregor.mutators.RemoveConditionalMutator_EQUAL_IF,lambda$comment$6,206,SURVIVED,none
ReadYamlMapping.java,com.amihaiemil.eoyaml.ReadYamlMapping,org.pitest.mutationtest.engine.gregor.mutators.RemoveConditionalMutator_EQUAL_IF,lambda$comment$6,207,SURVIVED,none
ReadYamlMapping.java,com.amihaiemil.eoyaml.ReadYamlMapping,org.pitest.mutationtest.engine.gregor.mutators.RemoveConditionalMutator_ORDER_ELSE,lambda$comment$6,209,SURVIVED,none
ReadYamlMapping.java,com.amihaiemil.eoyaml.ReadYamlMapping,org.pitest.mutationtest.engine.gregor.mutators.RemoveConditionalMutator_ORDER_ELSE,lambda$comment$6,214,SURVIVED,none
ReadYamlMapping.java,com.amihaiemil.eoyaml.ReadYamlMapping,org.pitest.mutationtest.engine.gregor.mutators.RemoveConditionalMutator_ORDER_IF,lambda$comment$6,209,SURVIVED,none
ReadYamlMapping.java,com.amihaiemil.eoyaml.ReadYamlMapping,org.pitest.mutationtest.engine.gregor.mutators.RemoveConditionalMutator_ORDER_IF,lambda$comment$6,214,SURVIVED,none
ReadYamlMapping.java,com.amihaiemil.eoyaml.ReadYamlMapping,org.pitest.mutationtest.engine.gregor.mutators.returns.BooleanFalseReturnValsMutator,lambda$comment$6,216,SURVIVED,none
ReadYamlMapping.java,com.amihaiemil.eoyaml.ReadYamlMapping,org.pitest.mutationtest.engine.gregor.mutators.returns.BooleanTrueReturnValsMutator,lambda$comment$6,216,SURVIVED,none
ReadYamlMapping.java,com.amihaiemil.eoyaml.ReadYamlMapping,org.pitest.mutationtest.engine.gregor.mutators.returns.BooleanFalseReturnValsMutator,lambda$comment$7,218,SURVIVED,none
ReadYamlMapping.java,com.amihaiemil.eoyaml.ReadYamlMapping,org.pitest.mutationtest.engine.gregor.mutators.returns.BooleanTrueReturnValsMutator,lambda$comment$7,218,SURVIVED,none
ReadYamlMapping.java,com.amihaiemil.eoyaml.ReadYamlMapping,org.pitest.mutationtest.engine.gregor.mutators.returns.BooleanFalseReturnValsMutator,lambda$comment$8,219,SURVIVED,none
ReadYamlMapping.java,com.amihaiemil.eoyaml.ReadYamlMapping,org.pitest.mutationtest.engine.gregor.mutators.returns.BooleanTrueReturnValsMutator,lambda$comment$8,219,SURVIVED,none
ReadYamlMapping.java,com.amihaiemil.eoyaml.ReadYamlMapping,org.pitest.mutationtest.engine.gregor.mutators.returns.BooleanFalseReturnValsMutator,lambda$comment$9,220,SURVIVED,none
ReadYamlMapping.java,com.amihaiemil.eoyaml.ReadYamlMapping,org.pitest.mutationtest.engine.gregor.mutators.returns.BooleanTrueReturnValsMutator,lambda$comment$9,220,SURVIVED,none
ReadYamlMapping.java,com.amihaiemil.eoyaml.ReadYamlMapping,org.pitest.mutationtest.engine.gregor.mutators.ConditionalsBoundaryMutator,lambda$new$0,121,KILLED,com.amihaiemil.eoyaml.ReadYamlMappingTest.returnsValueOfStringKeysWithDashesAndSpaces(com.amihaiemil.eoyaml.ReadYamlMappingTest)
ReadYamlMapping.java,com.amihaiemil.eoyaml.ReadYamlMapping,org.pitest.mutationtest.engine.gregor.mutators.RemoveConditionalMutator_ORDER_ELSE,lambda$new$0,121,KILLED,com.amihaiemil.eoyaml.ReadYamlMappingTest.returnsValueOfStringKeysWithDashesAndSpaces(com.amihaiemil.eoyaml.ReadYamlMappingTest)
ReadYamlMapping.java,com.amihaiemil.eoyaml.ReadYamlMapping,org.pitest.mutationtest.engine.gregor.mutators.RemoveConditionalMutator_ORDER_IF,lambda$new$0,121,KILLED,com.amihaiemil.eoyaml.ReadYamlMappingTest.shouldReadKeyProperlyIfValueContainsColon(com.amihaiemil.eoyaml.ReadYamlMappingTest)
ReadYamlMapping.java,com.amihaiemil.eoyaml.ReadYamlMapping,org.pitest.mutationtest.engine.gregor.mutators.returns.BooleanTrueReturnValsMutator,lambda$new$0,121,KILLED,com.amihaiemil.eoyaml.ReadYamlMappingTest.shouldReadKeyProperlyIfValueContainsColon(com.amihaiemil.eoyaml.ReadYamlMappingTest)
ReadYamlMapping.java,com.amihaiemil.eoyaml.ReadYamlMapping,org.pitest.mutationtest.engine.gregor.mutators.returns.BooleanFalseReturnValsMutator,lambda$new$1,122,SURVIVED,none
ReadYamlMapping.java,com.amihaiemil.eoyaml.ReadYamlMapping,org.pitest.mutationtest.engine.gregor.mutators.returns.BooleanTrueReturnValsMutator,lambda$new$1,122,KILLED,com.amihaiemil.eoyaml.ReadYamlMappingTest.shouldReadKeyProperlyIfValueContainsColon(com.amihaiemil.eoyaml.ReadYamlMappingTest)
ReadYamlMapping.java,com.amihaiemil.eoyaml.ReadYamlMapping,org.pitest.mutationtest.engine.gregor.mutators.returns.BooleanFalseReturnValsMutator,lambda$new$2,123,SURVIVED,none
ReadYamlMapping.java,com.amihaiemil.eoyaml.ReadYamlMapping,org.pitest.mutationtest.engine.gregor.mutators.returns.BooleanTrueReturnValsMutator,lambda$new$2,123,KILLED,com.amihaiemil.eoyaml.ReadYamlMappingTest.shouldReadKeyProperlyIfValueContainsColon(com.amihaiemil.eoyaml.ReadYamlMappingTest)
ReadYamlMapping.java,com.amihaiemil.eoyaml.ReadYamlMapping,org.pitest.mutationtest.engine.gregor.mutators.returns.BooleanFalseReturnValsMutator,lambda$new$3,124,SURVIVED,none
ReadYamlMapping.java,com.amihaiemil.eoyaml.ReadYamlMapping,org.pitest.mutationtest.engine.gregor.mutators.returns.BooleanTrueReturnValsMutator,lambda$new$3,124,KILLED,com.amihaiemil.eoyaml.ReadYamlMappingTest.shouldReadKeyProperlyIfValueContainsColon(com.amihaiemil.eoyaml.ReadYamlMappingTest)
ReadYamlMapping.java,com.amihaiemil.eoyaml.ReadYamlMapping,org.pitest.mutationtest.engine.gregor.mutators.returns.BooleanFalseReturnValsMutator,lambda$new$4,125,SURVIVED,none
ReadYamlMapping.java,com.amihaiemil.eoyaml.ReadYamlMapping,org.pitest.mutationtest.engine.gregor.mutators.returns.BooleanTrueReturnValsMutator,lambda$new$4,125,KILLED,com.amihaiemil.eoyaml.ReadYamlMappingTest.shouldReadKeyProperlyIfValueContainsColon(com.amihaiemil.eoyaml.ReadYamlMappingTest)
ReadYamlMapping.java,com.amihaiemil.eoyaml.ReadYamlMapping,org.pitest.mutationtest.engine.gregor.mutators.returns.BooleanFalseReturnValsMutator,lambda$new$5,126,SURVIVED,none
ReadYamlMapping.java,com.amihaiemil.eoyaml.ReadYamlMapping,org.pitest.mutationtest.engine.gregor.mutators.returns.BooleanTrueReturnValsMutator,lambda$new$5,126,KILLED,com.amihaiemil.eoyaml.ReadYamlMappingTest.shouldReadKeyProperlyIfValueContainsColon(com.amihaiemil.eoyaml.ReadYamlMappingTest)
ReadYamlMapping.java,com.amihaiemil.eoyaml.ReadYamlMapping,org.pitest.mutationtest.engine.gregor.mutators.MathMutator,relaxed,288,NO_COVERAGE,none
ReadYamlMapping.java,com.amihaiemil.eoyaml.ReadYamlMapping,org.pitest.mutationtest.engine.gregor.mutators.RemoveConditionalMutator_EQUAL_ELSE,relaxed,286,SURVIVED,none
ReadYamlMapping.java,com.amihaiemil.eoyaml.ReadYamlMapping,org.pitest.mutationtest.engine.gregor.mutators.RemoveConditionalMutator_EQUAL_ELSE,relaxed,286,NO_COVERAGE,none
ReadYamlMapping.java,com.amihaiemil.eoyaml.ReadYamlMapping,org.pitest.mutationtest.engine.gregor.mutators.RemoveConditionalMutator_EQUAL_IF,relaxed,286,SURVIVED,none
ReadYamlMapping.java,com.amihaiemil.eoyaml.ReadYamlMapping,org.pitest.mutationtest.engine.gregor.mutators.RemoveConditionalMutator_EQUAL_IF,relaxed,286,NO_COVERAGE,none
ReadYamlMapping.java,com.amihaiemil.eoyaml.ReadYamlMapping,org.pitest.mutationtest.engine.gregor.mutators.returns.EmptyObjectReturnValsMutator,relaxed,296,KILLED,com.amihaiemil.eoyaml.ReadYamlMappingTest.returnsLiteralStringWithStringKeyGuessIndentation(com.amihaiemil.eoyaml.ReadYamlMappingTest)
ReadYamlMapping.java,com.amihaiemil.eoyaml.ReadYamlMapping,org.pitest.mutationtest.engine.gregor.mutators.RemoveConditionalMutator_EQUAL_ELSE,value,186,KILLED,com.amihaiemil.eoyaml.ReadYamlMappingTest.returnsLiteralStringWithStringKeyGuessIndentation(com.amihaiemil.eoyaml.ReadYamlMappingTest)
ReadYamlMapping.java,com.amihaiemil.eoyaml.ReadYamlMapping,org.pitest.mutationtest.engine.gregor.mutators.RemoveConditionalMutator_EQUAL_IF,value,186,KILLED,com.amihaiemil.eoyaml.ReadYamlMappingTest.returnsNullOnMissingScalarWithMappingKey(com.amihaiemil.eoyaml.ReadYamlMappingTest)
ReadYamlMapping.java,com.amihaiemil.eoyaml.ReadYamlMapping,org.pitest.mutationtest.engine.gregor.mutators.returns.NullReturnValsMutator,value,191,KILLED,com.amihaiemil.eoyaml.ReadYamlMappingTest.returnsLiteralStringWithStringKeyGuessIndentation(com.amihaiemil.eoyaml.ReadYamlMappingTest)
ReadYamlMapping.java,com.amihaiemil.eoyaml.ReadYamlMapping,org.pitest.mutationtest.engine.gregor.mutators.ConditionalsBoundaryMutator,valueOfNodeKey,321,SURVIVED,none
ReadYamlMapping.java,com.amihaiemil.eoyaml.ReadYamlMapping,org.pitest.mutationtest.engine.gregor.mutators.RemoveConditionalMutator_EQUAL_ELSE,valueOfNodeKey,308,KILLED,com.amihaiemil.eoyaml.ReadYamlMappingTest.returnsYamlMappingWithYamlMappingKey(com.amihaiemil.eoyaml.ReadYamlMappingTest)
ReadYamlMapping.java,com.amihaiemil.eoyaml.ReadYamlMapping,org.pitest.mutationtest.engine.gregor.mutators.RemoveConditionalMutator_EQUAL_ELSE,valueOfNodeKey,311,KILLED,com.amihaiemil.eoyaml.ReadYamlMappingTest.returnsYamlMappingWithYamlMappingKey(com.amihaiemil.eoyaml.ReadYamlMappingTest)
ReadYamlMapping.java,com.amihaiemil.eoyaml.ReadYamlMapping,org.pitest.mutationtest.engine.gregor.mutators.RemoveConditionalMutator_EQUAL_ELSE,valueOfNodeKey,313,KILLED,com.amihaiemil.eoyaml.ReadYamlMappingTest.returnsYamlMappingWithYamlMappingKey(com.amihaiemil.eoyaml.ReadYamlMappingTest)
ReadYamlMapping.java,com.amihaiemil.eoyaml.ReadYamlMapping,org.pitest.mutationtest.engine.gregor.mutators.RemoveConditionalMutator_EQUAL_ELSE,valueOfNodeKey,315,KILLED,com.amihaiemil.eoyaml.ReadYamlMappingTest.returnsNullOnMisreadYamlMapping_ScalarWithSequenceKey(com.amihaiemil.eoyaml.ReadYamlMappingTest)
ReadYamlMapping.java,com.amihaiemil.eoyaml.ReadYamlMapping,org.pitest.mutationtest.engine.gregor.mutators.RemoveConditionalMutator_EQUAL_ELSE,valueOfNodeKey,316,KILLED,com.amihaiemil.eoyaml.ReadYamlMappingTest.returnsNullOnMisreadYamlMapping_ScalarWithSequenceKey(com.amihaiemil.eoyaml.ReadYamlMappingTest)
ReadYamlMapping.java,com.amihaiemil.eoyaml.ReadYamlMapping,org.pitest.mutationtest.engine.gregor.mutators.RemoveConditionalMutator_EQUAL_ELSE,valueOfNodeKey,317,KILLED,com.amihaiemil.eoyaml.ReadYamlMappingTest.returnsLiteralStringWithYamlMappingKey(com.amihaiemil.eoyaml.ReadYamlMappingTest)
ReadYamlMapping.java,com.amihaiemil.eoyaml.ReadYamlMapping,org.pitest.mutationtest.engine.gregor.mutators.RemoveConditionalMutator_EQUAL_ELSE,valueOfNodeKey,320,KILLED,com.amihaiemil.eoyaml.ReadYamlMappingTest.returnsNullOnMisreadYamlSequence_ScalarWithSequenceKey(com.amihaiemil.eoyaml.ReadYamlMappingTest)
ReadYamlMapping.java,com.amihaiemil.eoyaml.ReadYamlMapping,org.pitest.mutationtest.engine.gregor.mutators.RemoveConditionalMutator_EQUAL_IF,valueOfNodeKey,308,KILLED,com.amihaiemil.eoyaml.ReadYamlMappingTest.returnsNullOnMissingScalarWithMappingKey(com.amihaiemil.eoyaml.ReadYamlMappingTest)
ReadYamlMapping.java,com.amihaiemil.eoyaml.ReadYamlMapping,org.pitest.mutationtest.engine.gregor.mutators.RemoveConditionalMutator_EQUAL_IF,valueOfNodeKey,311,KILLED,com.amihaiemil.eoyaml.ReadYamlMappingTest.returnsNullOnMissingScalarWithMappingKey(com.amihaiemil.eoyaml.ReadYamlMappingTest)
ReadYamlMapping.java,com.amihaiemil.eoyaml.ReadYamlMapping,org.pitest.mutationtest.engine.gregor.mutators.RemoveConditionalMutator_EQUAL_IF,valueOfNodeKey,313,KILLED,com.amihaiemil.eoyaml.ReadYamlMappingTest.returnsNullOnMissingYamlMappingWithSequenceKey(com.amihaiemil.eoyaml.ReadYamlMappingTest)
ReadYamlMapping.java,com.amihaiemil.eoyaml.ReadYamlMapping,org.pitest.mutationtest.engine.gregor.mutators.RemoveConditionalMutator_EQUAL_IF,valueOfNodeKey,315,KILLED,com.amihaiemil.eoyaml.ReadYamlMappingTest.returnsNullOnMisreadScalarWithSequenceKey(com.amihaiemil.eoyaml.ReadYamlMappingTest)
ReadYamlMapping.java,com.amihaiemil.eoyaml.ReadYamlMapping,org.pitest.mutationtest.engine.gregor.mutators.RemoveConditionalMutator_EQUAL_IF,valueOfNodeKey,316,SURVIVED,none
ReadYamlMapping.java,com.amihaiemil.eoyaml.ReadYamlMapping,org.pitest.mutationtest.engine.gregor.mutators.RemoveConditionalMutator_EQUAL_IF,valueOfNodeKey,317,KILLED,com.amihaiemil.eoyaml.ReadYamlMappingTest.returnsNullOnMisreadYamlMapping_ScalarWithSequenceKey(com.amihaiemil.eoyaml.ReadYamlMappingTest)
ReadYamlMapping.java,com.amihaiemil.eoyaml.ReadYamlMapping,org.pitest.mutationtest.engine.gregor.mutators.RemoveConditionalMutator_EQUAL_IF,valueOfNodeKey,320,SURVIVED,none
ReadYamlMapping.java,com.amihaiemil.eoyaml.ReadYamlMapping,org.pitest.mutationtest.engine.gregor.mutators.RemoveConditionalMutator_ORDER_ELSE,valueOfNodeKey,321,KILLED,com.amihaiemil.eoyaml.ReadYamlMappingTest.returnsNullOnMisreadYamlSequence_ScalarWithSequenceKey(com.amihaiemil.eoyaml.ReadYamlMappingTest)
ReadYamlMapping.java,com.amihaiemil.eoyaml.ReadYamlMapping,org.pitest.mutationtest.engine.gregor.mutators.RemoveConditionalMutator_ORDER_IF,valueOfNodeKey,321,SURVIVED,none
ReadYamlMapping.java,com.amihaiemil.eoyaml.ReadYamlMapping,org.pitest.mutationtest.engine.gregor.mutators.returns.NullReturnValsMutator,valueOfNodeKey,335,KILLED,com.amihaiemil.eoyaml.ReadYamlMappingTest.returnsYamlMappingWithYamlMappingKey(com.amihaiemil.eoyaml.ReadYamlMappingTest)
ReadYamlMapping.java,com.amihaiemil.eoyaml.ReadYamlMapping,org.pitest.mutationtest.engine.gregor.mutators.ConditionalsBoundaryMutator,valueOfStringKey,265,SURVIVED,none
ReadYamlMapping.java,com.amihaiemil.eoyaml.ReadYamlMapping,org.pitest.mutationtest.engine.gregor.mutators.RemoveConditionalMutator_EQUAL_ELSE,valueOfStringKey,248,KILLED,com.amihaiemil.eoyaml.ReadYamlMappingTest.returnsValueOfStringKeyWithQuotes(com.amihaiemil.eoyaml.ReadYamlMappingTest)
ReadYamlMapping.java,com.amihaiemil.eoyaml.ReadYamlMapping,org.pitest.mutationtest.engine.gregor.mutators.RemoveConditionalMutator_EQUAL_ELSE,valueOfStringKey,249,KILLED,com.amihaiemil.eoyaml.ReadYamlMappingTest.returnsValueOfStringKeyWithQuotes(com.amihaiemil.eoyaml.ReadYamlMappingTest)
ReadYamlMapping.java,com.amihaiemil.eoyaml.ReadYamlMapping,org.pitest.mutationtest.engine.gregor.mutators.RemoveConditionalMutator_EQUAL_ELSE,valueOfStringKey,250,KILLED,com.amihaiemil.eoyaml.ReadYamlMappingTest.returnsLiteralStringWithStringKeyGuessIndentation(com.amihaiemil.eoyaml.ReadYamlMappingTest)
ReadYamlMapping.java,com.amihaiemil.eoyaml.ReadYamlMapping,org.pitest.mutationtest.engine.gregor.mutators.RemoveConditionalMutator_EQUAL_ELSE,valueOfStringKey,253,KILLED,com.amihaiemil.eoyaml.ReadYamlMappingTest.returnsColonEmptyFlowYamlMappingWithStringKey(com.amihaiemil.eoyaml.ReadYamlMappingTest)
ReadYamlMapping.java,com.amihaiemil.eoyaml.ReadYamlMapping,org.pitest.mutationtest.engine.gregor.mutators.RemoveConditionalMutator_EQUAL_ELSE,valueOfStringKey,258,KILLED,com.amihaiemil.eoyaml.ReadYamlMappingTest.returnsColonInlineFlowYamlSequenceWithStringKey(com.amihaiemil.eoyaml.ReadYamlMappingTest)
ReadYamlMapping.java,com.amihaiemil.eoyaml.ReadYamlMapping,org.pitest.mutationtest.engine.gregor.mutators.RemoveConditionalMutator_EQUAL_ELSE,valueOfStringKey,263,KILLED,com.amihaiemil.eoyaml.ReadYamlMappingTest.returnsNullOnMissingScalar(com.amihaiemil.eoyaml.ReadYamlMappingTest)
ReadYamlMapping.java,com.amihaiemil.eoyaml.ReadYamlMapping,org.pitest.mutationtest.engine.gregor.mutators.RemoveConditionalMutator_EQUAL_ELSE,valueOfStringKey,264,SURVIVED,none
ReadYamlMapping.java,com.amihaiemil.eoyaml.ReadYamlMapping,org.pitest.mutationtest.engine.gregor.mutators.RemoveConditionalMutator_EQUAL_ELSE,valueOfStringKey,270,KILLED,com.amihaiemil.eoyaml.ReadYamlMappingTest.returnsLiteralStringWithStringKeyGuessIndentation(com.amihaiemil.eoyaml.ReadYamlMappingTest)
ReadYamlMapping.java,com.amihaiemil.eoyaml.ReadYamlMapping,org.pitest.mutationtest.engine.gregor.mutators.RemoveConditionalMutator_EQUAL_IF,valueOfStringKey,248,KILLED,com.amihaiemil.eoyaml.ReadYamlMappingTest.returnsSequenceValueWithStringKey(com.amihaiemil.eoyaml.ReadYamlMappingTest)
ReadYamlMapping.java,com.amihaiemil.eoyaml.ReadYamlMapping,org.pitest.mutationtest.engine.gregor.mutators.RemoveConditionalMutator_EQUAL_IF,valueOfStringKey,249,SURVIVED,none
ReadYamlMapping.java,com.amihaiemil.eoyaml.ReadYamlMapping,org.pitest.mutationtest.engine.gregor.mutators.RemoveConditionalMutator_EQUAL_IF,valueOfStringKey,250,KILLED,com.amihaiemil.eoyaml.ReadYamlMappingTest.returnsValueOfStringKeyWithQuotes(com.amihaiemil.eoyaml.ReadYamlMappingTest)
ReadYamlMapping.java,com.amihaiemil.eoyaml.ReadYamlMapping,org.pitest.mutationtest.engine.gregor.mutators.RemoveConditionalMutator_EQUAL_IF,valueOfStringKey,253,KILLED,com.amihaiemil.eoyaml.ReadYamlMappingTest.returnsValueOfStringKeyWithQuotes(com.amihaiemil.eoyaml.ReadYamlMappingTest)
ReadYamlMapping.java,com.amihaiemil.eoyaml.ReadYamlMapping,org.pitest.mutationtest.engine.gregor.mutators.RemoveConditionalMutator_EQUAL_IF,valueOfStringKey,258,KILLED,com.amihaiemil.eoyaml.ReadYamlMappingTest.returnsValueOfStringKeyWithQuotes(com.amihaiemil.eoyaml.ReadYamlMappingTest)
ReadYamlMapping.java,com.amihaiemil.eoyaml.ReadYamlMapping,org.pitest.mutationtest.engine.gregor.mutators.RemoveConditionalMutator_EQUAL_IF,valueOfStringKey,263,KILLED,com.amihaiemil.eoyaml.ReadYamlMappingTest.returnsValueOfStringKeyWithQuotes(com.amihaiemil.eoyaml.ReadYamlMappingTest)
ReadYamlMapping.java,com.amihaiemil.eoyaml.ReadYamlMapping,org.pitest.mutationtest.engine.gregor.mutators.RemoveConditionalMutator_EQUAL_IF,valueOfStringKey,264,KILLED,com.amihaiemil.eoyaml.ReadYamlMappingTest.returnsNullOnMissingScalar(com.amihaiemil.eoyaml.ReadYamlMappingTest)
ReadYamlMapping.java,com.amihaiemil.eoyaml.ReadYamlMapping,org.pitest.mutationtest.engine.gregor.mutators.RemoveConditionalMutator_EQUAL_IF,valueOfStringKey,270,KILLED,com.amihaiemil.eoyaml.ReadYamlMappingTest.returnsValueOfStringKeyWithQuotes(com.amihaiemil.eoyaml.ReadYamlMappingTest)
ReadYamlMapping.java,com.amihaiemil.eoyaml.ReadYamlMapping,org.pitest.mutationtest.engine.gregor.mutators.RemoveConditionalMutator_ORDER_ELSE,valueOfStringKey,265,KILLED,com.amihaiemil.eoyaml.ReadYamlMappingTest.returnsValueOfStringKeyWithQuotes(com.amihaiemil.eoyaml.ReadYamlMappingTest)
ReadYamlMapping.java,com.amihaiemil.eoyaml.ReadYamlMapping,org.pitest.mutationtest.engine.gregor.mutators.RemoveConditionalMutator_ORDER_IF,valueOfStringKey,265,SURVIVED,none
ReadYamlMapping.java,com.amihaiemil.eoyaml.ReadYamlMapping,org.pitest.mutationtest.engine.gregor.mutators.returns.NullReturnValsMutator,valueOfStringKey,271,KILLED,com.amihaiemil.eoyaml.ReadYamlMappingTest.returnsLiteralStringWithStringKeyGuessIndentation(com.amihaiemil.eoyaml.ReadYamlMappingTest)
ReadYamlMapping.java,com.amihaiemil.eoyaml.ReadYamlMapping$ReadScalarKey,org.pitest.mutationtest.engine.gregor.mutators.RemoveConditionalMutator_EQUAL_ELSE,comment,418,SURVIVED,none
ReadYamlMapping.java,com.amihaiemil.eoyaml.ReadYamlMapping$ReadScalarKey,org.pitest.mutationtest.engine.gregor.mutators.RemoveConditionalMutator_EQUAL_IF,comment,418,SURVIVED,none
ReadYamlMapping.java,com.amihaiemil.eoyaml.ReadYamlMapping$ReadScalarKey,org.pitest.mutationtest.engine.gregor.mutators.returns.NullReturnValsMutator,comment,440,SURVIVED,none
ReadYamlMapping.java,com.amihaiemil.eoyaml.ReadYamlMapping$ReadScalarKey,org.pitest.mutationtest.engine.gregor.mutators.ConditionalsBoundaryMutator,lambda$comment$0,428,SURVIVED,none
ReadYamlMapping.java,com.amihaiemil.eoyaml.ReadYamlMapping$ReadScalarKey,org.pitest.mutationtest.engine.gregor.mutators.RemoveConditionalMutator_ORDER_ELSE,lambda$comment$0,428,SURVIVED,none
ReadYamlMapping.java,com.amihaiemil.eoyaml.ReadYamlMapping$ReadScalarKey,org.pitest.mutationtest.engine.gregor.mutators.RemoveConditionalMutator_ORDER_IF,lambda$comment$0,428,SURVIVED,none
ReadYamlMapping.java,com.amihaiemil.eoyaml.ReadYamlMapping$ReadScalarKey,org.pitest.mutationtest.engine.gregor.mutators.returns.BooleanTrueReturnValsMutator,lambda$comment$0,428,SURVIVED,none
ReadYamlMapping.java,com.amihaiemil.eoyaml.ReadYamlMapping$ReadScalarKey,org.pitest.mutationtest.engine.gregor.mutators.returns.BooleanFalseReturnValsMutator,lambda$comment$1,429,SURVIVED,none
ReadYamlMapping.java,com.amihaiemil.eoyaml.ReadYamlMapping$ReadScalarKey,org.pitest.mutationtest.engine.gregor.mutators.returns.BooleanTrueReturnValsMutator,lambda$comment$1,429,SURVIVED,none
ReadYamlMapping.java,com.amihaiemil.eoyaml.ReadYamlMapping$ReadScalarKey,org.pitest.mutationtest.engine.gregor.mutators.returns.BooleanFalseReturnValsMutator,lambda$comment$2,430,SURVIVED,none
ReadYamlMapping.java,com.amihaiemil.eoyaml.ReadYamlMapping$ReadScalarKey,org.pitest.mutationtest.engine.gregor.mutators.returns.BooleanTrueReturnValsMutator,lambda$comment$2,430,SURVIVED,none
ReadYamlMapping.java,com.amihaiemil.eoyaml.ReadYamlMapping$ReadScalarKey,org.pitest.mutationtest.engine.gregor.mutators.returns.BooleanFalseReturnValsMutator,lambda$comment$3,431,SURVIVED,none
ReadYamlMapping.java,com.amihaiemil.eoyaml.ReadYamlMapping$ReadScalarKey,org.pitest.mutationtest.engine.gregor.mutators.returns.BooleanTrueReturnValsMutator,lambda$comment$3,431,SURVIVED,none
ReadYamlMapping.java,com.amihaiemil.eoyaml.ReadYamlMapping$ReadScalarKey,org.pitest.mutationtest.engine.gregor.mutators.returns.EmptyObjectReturnValsMutator,value,412,KILLED,com.amihaiemil.eoyaml.ReadYamlMappingTest.shouldReadKeyProperlyIfValueContainsColon(com.amihaiemil.eoyaml.ReadYamlMappingTest)
