MyArrUtils.java,org.brunocvcunha.inutils4j.MyArrUtils,org.pitest.mutationtest.engine.gregor.mutators.ConditionalsBoundaryMutator,findArray,140,NO_COVERAGE,none
MyArrUtils.java,org.brunocvcunha.inutils4j.MyArrUtils,org.pitest.mutationtest.engine.gregor.mutators.ConditionalsBoundaryMutator,findArray,144,NO_COVERAGE,none
MyArrUtils.java,org.brunocvcunha.inutils4j.MyArrUtils,org.pitest.mutationtest.engine.gregor.mutators.ConditionalsBoundaryMutator,findArray,149,NO_COVERAGE,none
MyArrUtils.java,org.brunocvcunha.inutils4j.MyArrUtils,org.pitest.mutationtest.engine.gregor.mutators.ConditionalsBoundaryMutator,findArray,151,NO_COVERAGE,none
MyArrUtils.java,org.brunocvcunha.inutils4j.MyArrUtils,org.pitest.mutationtest.engine.gregor.mutators.MathMutator,findArray,151,NO_COVERAGE,none
MyArrUtils.java,org.brunocvcunha.inutils4j.MyArrUtils,org.pitest.mutationtest.engine.gregor.mutators.MathMutator,findArray,151,NO_COVERAGE,none
MyArrUtils.java,org.brunocvcunha.inutils4j.MyArrUtils,org.pitest.mutationtest.engine.gregor.mutators.RemoveConditionalMutator_EQUAL_ELSE,findArray,135,NO_COVERAGE,none
MyArrUtils.java,org.brunocvcunha.inutils4j.MyArrUtils,org.pitest.mutationtest.engine.gregor.mutators.RemoveConditionalMutator_EQUAL_ELSE,findArray,135,NO_COVERAGE,none
MyArrUtils.java,org.brunocvcunha.inutils4j.MyArrUtils,org.pitest.mutationtest.engine.gregor.mutators.RemoveConditionalMutator_EQUAL_ELSE,findArray,146,NO_COVERAGE,none
MyArrUtils.java,org.brunocvcunha.inutils4j.MyArrUtils,org.pitest.mutationtest.engine.gregor.mutators.RemoveConditionalMutator_EQUAL_ELSE,findArray,151,NO_COVERAGE,none
MyArrUtils.java,org.brunocvcunha.inutils4j.MyArrUtils,org.pitest.mutationtest.engine.gregor.mutators.RemoveConditionalMutator_EQUAL_ELSE,findArray,158,NO_COVERAGE,none
MyArrUtils.java,org.brunocvcunha.inutils4j.MyArrUtils,org.pitest.mutationtest.engine.gregor.mutators.RemoveConditionalMutator_EQUAL_IF,findArray,135,NO_COVERAGE,none
MyArrUtils.java,org.brunocvcunha.inutils4j.MyArrUtils,org.pitest.mutationtest.engine.gregor.mutators.RemoveConditionalMutator_EQUAL_IF,findArray,135,NO_COVERAGE,none
MyArrUtils.java,org.brunocvcunha.inutils4j.MyArrUtils,org.pitest.mutationtest.engine.gregor.mutators.RemoveConditionalMutator_EQUAL_IF,findArray,146,NO_COVERAGE,none
MyArrUtils.java,org.brunocvcunha.inutils4j.MyArrUtils,org.pitest.mutationtest.engine.gregor.mutators.RemoveConditionalMutator_EQUAL_IF,findArray,151,NO_COVERAGE,none
MyArrUtils.java,org.brunocvcunha.inutils4j.MyArrUtils,org.pitest.mutationtest.engine.gregor.mutators.RemoveConditionalMutator_EQUAL_IF,findArray,158,NO_COVERAGE,none
MyArrUtils.java,org.brunocvcunha.inutils4j.MyArrUtils,org.pitest.mutationtest.engine.gregor.mutators.RemoveConditionalMutator_ORDER_ELSE,findArray,140,NO_COVERAGE,none
MyArrUtils.java,org.brunocvcunha.inutils4j.MyArrUtils,org.pitest.mutationtest.engine.gregor.mutators.RemoveConditionalMutator_ORDER_ELSE,findArray,144,NO_COVERAGE,none
MyArrUtils.java,org.brunocvcunha.inutils4j.MyArrUtils,org.pitest.mutationtest.engine.gregor.mutators.RemoveConditionalMutator_ORDER_ELSE,findArray,149,NO_COVERAGE,none
MyArrUtils.java,org.brunocvcunha.inutils4j.MyArrUtils,org.pitest.mutationtest.engine.gregor.mutators.RemoveConditionalMutator_ORDER_ELSE,findArray,151,NO_COVERAGE,none
MyArrUtils.java,org.brunocvcunha.inutils4j.MyArrUtils,org.pitest.mutationtest.engine.gregor.mutators.RemoveConditionalMutator_ORDER_IF,findArray,140,NO_COVERAGE,none
MyArrUtils.java,org.brunocvcunha.inutils4j.MyArrUtils,org.pitest.mutationtest.engine.gregor.mutators.RemoveConditionalMutator_ORDER_IF,findArray,144,NO_COVERAGE,none
MyArrUtils.java,org.brunocvcunha.inutils4j.MyArrUtils,org.pitest.mutationtest.engine.gregor.mutators.RemoveConditionalMutator_ORDER_IF,findArray,149,NO_COVERAGE,none
MyArrUtils.java,org.brunocvcunha.inutils4j.MyArrUtils,org.pitest.mutationtest.engine.gregor.mutators.RemoveConditionalMutator_ORDER_IF,findArray,151,NO_COVERAGE,none
MyArrUtils.java,org.brunocvcunha.inutils4j.MyArrUtils,org.pitest.mutationtest.engine.gregor.mutators.returns.PrimitiveReturnsMutator,findArray,136,NO_COVERAGE,none
MyArrUtils.java,org.brunocvcunha.inutils4j.MyArrUtils,org.pitest.mutationtest.engine.gregor.mutators.returns.PrimitiveReturnsMutator,findArray,141,NO_COVERAGE,none
MyArrUtils.java,org.brunocvcunha.inutils4j.MyArrUtils,org.pitest.mutationtest.engine.gregor.mutators.returns.PrimitiveReturnsMutator,findArray,159,NO_COVERAGE,none
MyArrUtils.java,org.brunocvcunha.inutils4j.MyArrUtils,org.pitest.mutationtest.engine.gregor.mutators.returns.PrimitiveReturnsMutator,findArray,166,NO_COVERAGE,none
MyArrUtils.java,org.brunocvcunha.inutils4j.MyArrUtils,org.pitest.mutationtest.engine.gregor.mutators.ConditionalsBoundaryMutator,indexOf,81,NO_COVERAGE,none
MyArrUtils.java,org.brunocvcunha.inutils4j.MyArrUtils,org.pitest.mutationtest.engine.gregor.mutators.RemoveConditionalMutator_EQUAL_ELSE,indexOf,80,NO_COVERAGE,none
MyArrUtils.java,org.brunocvcunha.inutils4j.MyArrUtils,org.pitest.mutationtest.engine.gregor.mutators.RemoveConditionalMutator_EQUAL_ELSE,indexOf,82,NO_COVERAGE,none
MyArrUtils.java,org.brunocvcunha.inutils4j.MyArrUtils,org.pitest.mutationtest.engine.gregor.mutators.RemoveConditionalMutator_EQUAL_IF,indexOf,80,NO_COVERAGE,none
MyArrUtils.java,org.brunocvcunha.inutils4j.MyArrUtils,org.pitest.mutationtest.engine.gregor.mutators.RemoveConditionalMutator_EQUAL_IF,indexOf,82,NO_COVERAGE,none
MyArrUtils.java,org.brunocvcunha.inutils4j.MyArrUtils,org.pitest.mutationtest.engine.gregor.mutators.RemoveConditionalMutator_ORDER_ELSE,indexOf,81,NO_COVERAGE,none
MyArrUtils.java,org.brunocvcunha.inutils4j.MyArrUtils,org.pitest.mutationtest.engine.gregor.mutators.RemoveConditionalMutator_ORDER_IF,indexOf,81,NO_COVERAGE,none
MyArrUtils.java,org.brunocvcunha.inutils4j.MyArrUtils,org.pitest.mutationtest.engine.gregor.mutators.returns.PrimitiveReturnsMutator,indexOf,83,NO_COVERAGE,none
MyArrUtils.java,org.brunocvcunha.inutils4j.MyArrUtils,org.pitest.mutationtest.engine.gregor.mutators.returns.PrimitiveReturnsMutator,indexOf,86,NO_COVERAGE,none
MyArrUtils.java,org.brunocvcunha.inutils4j.MyArrUtils,org.pitest.mutationtest.engine.gregor.mutators.ConditionalsBoundaryMutator,indexOf,91,NO_COVERAGE,none
MyArrUtils.java,org.brunocvcunha.inutils4j.MyArrUtils,org.pitest.mutationtest.engine.gregor.mutators.RemoveConditionalMutator_EQUAL_ELSE,indexOf,90,NO_COVERAGE,none
MyArrUtils.java,org.brunocvcunha.inutils4j.MyArrUtils,org.pitest.mutationtest.engine.gregor.mutators.RemoveConditionalMutator_EQUAL_ELSE,indexOf,92,NO_COVERAGE,none
MyArrUtils.java,org.brunocvcunha.inutils4j.MyArrUtils,org.pitest.mutationtest.engine.gregor.mutators.RemoveConditionalMutator_EQUAL_IF,indexOf,90,NO_COVERAGE,none
MyArrUtils.java,org.brunocvcunha.inutils4j.MyArrUtils,org.pitest.mutationtest.engine.gregor.mutators.RemoveConditionalMutator_EQUAL_IF,indexOf,92,NO_COVERAGE,none
MyArrUtils.java,org.brunocvcunha.inutils4j.MyArrUtils,org.pitest.mutationtest.engine.gregor.mutators.RemoveConditionalMutator_ORDER_ELSE,indexOf,91,NO_COVERAGE,none
MyArrUtils.java,org.brunocvcunha.inutils4j.MyArrUtils,org.pitest.mutationtest.engine.gregor.mutators.RemoveConditionalMutator_ORDER_IF,indexOf,91,NO_COVERAGE,none
MyArrUtils.java,org.brunocvcunha.inutils4j.MyArrUtils,org.pitest.mutationtest.engine.gregor.mutators.returns.PrimitiveReturnsMutator,indexOf,93,NO_COVERAGE,none
MyArrUtils.java,org.brunocvcunha.inutils4j.MyArrUtils,org.pitest.mutationtest.engine.gregor.mutators.returns.PrimitiveReturnsMutator,indexOf,96,NO_COVERAGE,none
MyArrUtils.java,org.brunocvcunha.inutils4j.MyArrUtils,org.pitest.mutationtest.engine.gregor.mutators.ConditionalsBoundaryMutator,indexOf,71,NO_COVERAGE,none
MyArrUtils.java,org.brunocvcunha.inutils4j.MyArrUtils,org.pitest.mutationtest.engine.gregor.mutators.RemoveConditionalMutator_EQUAL_ELSE,indexOf,70,NO_COVERAGE,none
MyArrUtils.java,org.brunocvcunha.inutils4j.MyArrUtils,org.pitest.mutationtest.engine.gregor.mutators.RemoveConditionalMutator_EQUAL_ELSE,indexOf,72,NO_COVERAGE,none
MyArrUtils.java,org.brunocvcunha.inutils4j.MyArrUtils,org.pitest.mutationtest.engine.gregor.mutators.RemoveConditionalMutator_EQUAL_IF,indexOf,70,NO_COVERAGE,none
MyArrUtils.java,org.brunocvcunha.inutils4j.MyArrUtils,org.pitest.mutationtest.engine.gregor.mutators.RemoveConditionalMutator_EQUAL_IF,indexOf,72,NO_COVERAGE,none
MyArrUtils.java,org.brunocvcunha.inutils4j.MyArrUtils,org.pitest.mutationtest.engine.gregor.mutators.RemoveConditionalMutator_ORDER_ELSE,indexOf,71,NO_COVERAGE,none
MyArrUtils.java,org.brunocvcunha.inutils4j.MyArrUtils,org.pitest.mutationtest.engine.gregor.mutators.RemoveConditionalMutator_ORDER_IF,indexOf,71,NO_COVERAGE,none
MyArrUtils.java,org.brunocvcunha.inutils4j.MyArrUtils,org.pitest.mutationtest.engine.gregor.mutators.returns.PrimitiveReturnsMutator,indexOf,73,NO_COVERAGE,none
MyArrUtils.java,org.brunocvcunha.inutils4j.MyArrUtils,org.pitest.mutationtest.engine.gregor.mutators.returns.PrimitiveReturnsMutator,indexOf,76,NO_COVERAGE,none
MyArrUtils.java,org.brunocvcunha.inutils4j.MyArrUtils,org.pitest.mutationtest.engine.gregor.mutators.ConditionalsBoundaryMutator,indexOf,30,NO_COVERAGE,none
MyArrUtils.java,org.brunocvcunha.inutils4j.MyArrUtils,org.pitest.mutationtest.engine.gregor.mutators.RemoveConditionalMutator_EQUAL_ELSE,indexOf,29,NO_COVERAGE,none
MyArrUtils.java,org.brunocvcunha.inutils4j.MyArrUtils,org.pitest.mutationtest.engine.gregor.mutators.RemoveConditionalMutator_EQUAL_ELSE,indexOf,31,NO_COVERAGE,none
MyArrUtils.java,org.brunocvcunha.inutils4j.MyArrUtils,org.pitest.mutationtest.engine.gregor.mutators.RemoveConditionalMutator_EQUAL_IF,indexOf,29,NO_COVERAGE,none
MyArrUtils.java,org.brunocvcunha.inutils4j.MyArrUtils,org.pitest.mutationtest.engine.gregor.mutators.RemoveConditionalMutator_EQUAL_IF,indexOf,31,NO_COVERAGE,none
MyArrUtils.java,org.brunocvcunha.inutils4j.MyArrUtils,org.pitest.mutationtest.engine.gregor.mutators.RemoveConditionalMutator_ORDER_ELSE,indexOf,30,NO_COVERAGE,none
MyArrUtils.java,org.brunocvcunha.inutils4j.MyArrUtils,org.pitest.mutationtest.engine.gregor.mutators.RemoveConditionalMutator_ORDER_IF,indexOf,30,NO_COVERAGE,none
MyArrUtils.java,org.brunocvcunha.inutils4j.MyArrUtils,org.pitest.mutationtest.engine.gregor.mutators.returns.PrimitiveReturnsMutator,indexOf,32,NO_COVERAGE,none
MyArrUtils.java,org.brunocvcunha.inutils4j.MyArrUtils,org.pitest.mutationtest.engine.gregor.mutators.returns.PrimitiveReturnsMutator,indexOf,35,NO_COVERAGE,none
MyArrUtils.java,org.brunocvcunha.inutils4j.MyArrUtils,org.pitest.mutationtest.engine.gregor.mutators.returns.NullReturnValsMutator,peekRandom,44,KILLED,org.brunocvcunha.inutils4j.MyArrUtilsTest.testePeek(org.brunocvcunha.inutils4j.MyArrUtilsTest)
MyArrUtils.java,org.brunocvcunha.inutils4j.MyArrUtils,org.pitest.mutationtest.engine.gregor.mutators.ConditionalsBoundaryMutator,peekRandom,53,KILLED,org.brunocvcunha.inutils4j.MyArrUtilsTest.testePeekRandom(org.brunocvcunha.inutils4j.MyArrUtilsTest)
MyArrUtils.java,org.brunocvcunha.inutils4j.MyArrUtils,org.pitest.mutationtest.engine.gregor.mutators.RemoveConditionalMutator_EQUAL_ELSE,peekRandom,58,KILLED,org.brunocvcunha.inutils4j.MyArrUtilsTest.testePeekRandom(org.brunocvcunha.inutils4j.MyArrUtilsTest)
MyArrUtils.java,org.brunocvcunha.inutils4j.MyArrUtils,org.pitest.mutationtest.engine.gregor.mutators.RemoveConditionalMutator_EQUAL_IF,peekRandom,58,TIMED_OUT,none
MyArrUtils.java,org.brunocvcunha.inutils4j.MyArrUtils,org.pitest.mutationtest.engine.gregor.mutators.RemoveConditionalMutator_ORDER_ELSE,peekRandom,53,TIMED_OUT,none
MyArrUtils.java,org.brunocvcunha.inutils4j.MyArrUtils,org.pitest.mutationtest.engine.gregor.mutators.RemoveConditionalMutator_ORDER_IF,peekRandom,53,KILLED,org.brunocvcunha.inutils4j.MyArrUtilsTest.testePeekRandom(org.brunocvcunha.inutils4j.MyArrUtilsTest)
MyArrUtils.java,org.brunocvcunha.inutils4j.MyArrUtils,org.pitest.mutationtest.engine.gregor.mutators.returns.EmptyObjectReturnValsMutator,peekRandom,65,KILLED,org.brunocvcunha.inutils4j.MyArrUtilsTest.testePeekRandom(org.brunocvcunha.inutils4j.MyArrUtilsTest)
MyArrUtils.java,org.brunocvcunha.inutils4j.MyArrUtils,org.pitest.mutationtest.engine.gregor.mutators.returns.NullReturnValsMutator,peekRandom,39,NO_COVERAGE,none
MyArrUtils.java,org.brunocvcunha.inutils4j.MyArrUtils,org.pitest.mutationtest.engine.gregor.mutators.returns.EmptyObjectReturnValsMutator,peekRandom,48,NO_COVERAGE,none
MyArrUtils.java,org.brunocvcunha.inutils4j.MyArrUtils,org.pitest.mutationtest.engine.gregor.mutators.VoidMethodCallMutator,reverse,100,KILLED,org.brunocvcunha.inutils4j.MyArrUtilsTest.testeNumbers(org.brunocvcunha.inutils4j.MyArrUtilsTest)
MyArrUtils.java,org.brunocvcunha.inutils4j.MyArrUtils,org.pitest.mutationtest.engine.gregor.mutators.ConditionalsBoundaryMutator,reverse,106,SURVIVED,none
MyArrUtils.java,org.brunocvcunha.inutils4j.MyArrUtils,org.pitest.mutationtest.engine.gregor.mutators.IncrementsMutator,reverse,110,KILLED,org.brunocvcunha.inutils4j.MyArrUtilsTest.testeNumbers(org.brunocvcunha.inutils4j.MyArrUtilsTest)
MyArrUtils.java,org.brunocvcunha.inutils4j.MyArrUtils,org.pitest.mutationtest.engine.gregor.mutators.IncrementsMutator,reverse,111,KILLED,org.brunocvcunha.inutils4j.MyArrUtilsTest.testeNumbers(org.brunocvcunha.inutils4j.MyArrUtilsTest)
MyArrUtils.java,org.brunocvcunha.inutils4j.MyArrUtils,org.pitest.mutationtest.engine.gregor.mutators.MathMutator,reverse,105,KILLED,org.brunocvcunha.inutils4j.MyArrUtilsTest.testeNumbers(org.brunocvcunha.inutils4j.MyArrUtilsTest)
MyArrUtils.java,org.brunocvcunha.inutils4j.MyArrUtils,org.pitest.mutationtest.engine.gregor.mutators.MathMutator,reverse,105,KILLED,org.brunocvcunha.inutils4j.MyArrUtilsTest.testeNumbers(org.brunocvcunha.inutils4j.MyArrUtilsTest)
MyArrUtils.java,org.brunocvcunha.inutils4j.MyArrUtils,org.pitest.mutationtest.engine.gregor.mutators.RemoveConditionalMutator_ORDER_ELSE,reverse,106,KILLED,org.brunocvcunha.inutils4j.MyArrUtilsTest.testeNumbers(org.brunocvcunha.inutils4j.MyArrUtilsTest)
MyArrUtils.java,org.brunocvcunha.inutils4j.MyArrUtils,org.pitest.mutationtest.engine.gregor.mutators.RemoveConditionalMutator_ORDER_IF,reverse,106,KILLED,org.brunocvcunha.inutils4j.MyArrUtilsTest.testeNumbers(org.brunocvcunha.inutils4j.MyArrUtilsTest)
MyArrUtils.java,org.brunocvcunha.inutils4j.MyArrUtils,org.pitest.mutationtest.engine.gregor.mutators.VoidMethodCallMutator,reverse,116,NO_COVERAGE,none
MyArrUtils.java,org.brunocvcunha.inutils4j.MyArrUtils,org.pitest.mutationtest.engine.gregor.mutators.ConditionalsBoundaryMutator,reverse,122,NO_COVERAGE,none
MyArrUtils.java,org.brunocvcunha.inutils4j.MyArrUtils,org.pitest.mutationtest.engine.gregor.mutators.IncrementsMutator,reverse,126,NO_COVERAGE,none
MyArrUtils.java,org.brunocvcunha.inutils4j.MyArrUtils,org.pitest.mutationtest.engine.gregor.mutators.IncrementsMutator,reverse,127,NO_COVERAGE,none
MyArrUtils.java,org.brunocvcunha.inutils4j.MyArrUtils,org.pitest.mutationtest.engine.gregor.mutators.MathMutator,reverse,121,NO_COVERAGE,none
MyArrUtils.java,org.brunocvcunha.inutils4j.MyArrUtils,org.pitest.mutationtest.engine.gregor.mutators.MathMutator,reverse,121,NO_COVERAGE,none
MyArrUtils.java,org.brunocvcunha.inutils4j.MyArrUtils,org.pitest.mutationtest.engine.gregor.mutators.RemoveConditionalMutator_ORDER_ELSE,reverse,122,NO_COVERAGE,none
MyArrUtils.java,org.brunocvcunha.inutils4j.MyArrUtils,org.pitest.mutationtest.engine.gregor.mutators.RemoveConditionalMutator_ORDER_IF,reverse,122,NO_COVERAGE,none
