Skip.java,com.amihaiemil.eoyaml.Skip,org.pitest.mutationtest.engine.gregor.mutators.ConditionalsBoundaryMutator,iterator,76,KILLED,com.amihaiemil.eoyaml.SkipTest.skipsNoLines(com.amihaiemil.eoyaml.SkipTest)
Skip.java,com.amihaiemil.eoyaml.Skip,org.pitest.mutationtest.engine.gregor.mutators.RemoveConditionalMutator_EQUAL_ELSE,iterator,68,KILLED,com.amihaiemil.eoyaml.SkipTest.skipsLines(com.amihaiemil.eoyaml.SkipTest)
Skip.java,com.amihaiemil.eoyaml.Skip,org.pitest.mutationtest.engine.gregor.mutators.RemoveConditionalMutator_EQUAL_ELSE,iterator,71,KILLED,com.amihaiemil.eoyaml.SkipTest.skipsNoLines(com.amihaiemil.eoyaml.SkipTest)
Skip.java,com.amihaiemil.eoyaml.Skip,org.pitest.mutationtest.engine.gregor.mutators.RemoveConditionalMutator_EQUAL_ELSE,iterator,77,KILLED,com.amihaiemil.eoyaml.SkipTest.skipsLines(com.amihaiemil.eoyaml.SkipTest)
Skip.java,com.amihaiemil.eoyaml.Skip,org.pitest.mutationtest.engine.gregor.mutators.RemoveConditionalMutator_EQUAL_ELSE,iterator,82,KILLED,com.amihaiemil.eoyaml.SkipTest.skipsNoLines(com.amihaiemil.eoyaml.SkipTest)
Skip.java,com.amihaiemil.eoyaml.Skip,org.pitest.mutationtest.engine.gregor.mutators.RemoveConditionalMutator_EQUAL_IF,iterator,68,SURVIVED,none
Skip.java,com.amihaiemil.eoyaml.Skip,org.pitest.mutationtest.engine.gregor.mutators.RemoveConditionalMutator_EQUAL_IF,iterator,71,KILLED,com.amihaiemil.eoyaml.SkipTest.skipsNoLines(com.amihaiemil.eoyaml.SkipTest)
Skip.java,com.amihaiemil.eoyaml.Skip,org.pitest.mutationtest.engine.gregor.mutators.RemoveConditionalMutator_EQUAL_IF,iterator,77,KILLED,com.amihaiemil.eoyaml.SkipTest.skipsNoLines(com.amihaiemil.eoyaml.SkipTest)
Skip.java,com.amihaiemil.eoyaml.Skip,org.pitest.mutationtest.engine.gregor.mutators.RemoveConditionalMutator_EQUAL_IF,iterator,82,KILLED,com.amihaiemil.eoyaml.SkipTest.skipsLines(com.amihaiemil.eoyaml.SkipTest)
Skip.java,com.amihaiemil.eoyaml.Skip,org.pitest.mutationtest.engine.gregor.mutators.RemoveConditionalMutator_ORDER_ELSE,iterator,76,KILLED,com.amihaiemil.eoyaml.SkipTest.skipsLines(com.amihaiemil.eoyaml.SkipTest)
Skip.java,com.amihaiemil.eoyaml.Skip,org.pitest.mutationtest.engine.gregor.mutators.RemoveConditionalMutator_ORDER_IF,iterator,76,KILLED,com.amihaiemil.eoyaml.SkipTest.skipsNoLines(com.amihaiemil.eoyaml.SkipTest)
Skip.java,com.amihaiemil.eoyaml.Skip,org.pitest.mutationtest.engine.gregor.mutators.returns.NullReturnValsMutator,iterator,88,KILLED,com.amihaiemil.eoyaml.SkipTest.worksWithNoLines(com.amihaiemil.eoyaml.SkipTest)
Skip.java,com.amihaiemil.eoyaml.Skip,org.pitest.mutationtest.engine.gregor.mutators.returns.NullReturnValsMutator,nextYamlNode,93,KILLED,com.amihaiemil.eoyaml.SkipTest.delegatesToYamlNode(com.amihaiemil.eoyaml.SkipTest)
Skip.java,com.amihaiemil.eoyaml.Skip$Line,org.pitest.mutationtest.engine.gregor.mutators.RemoveConditionalMutator_EQUAL_ELSE,<init>,154,SURVIVED,none
Skip.java,com.amihaiemil.eoyaml.Skip$Line,org.pitest.mutationtest.engine.gregor.mutators.RemoveConditionalMutator_EQUAL_IF,<init>,154,KILLED,com.amihaiemil.eoyaml.SkipTest.skipsNoLines(com.amihaiemil.eoyaml.SkipTest)
Skip.java,com.amihaiemil.eoyaml.Skip$Line,org.pitest.mutationtest.engine.gregor.mutators.returns.NullReturnValsMutator,getPrevious,183,NO_COVERAGE,none
Skip.java,com.amihaiemil.eoyaml.Skip$Line,org.pitest.mutationtest.engine.gregor.mutators.returns.NullReturnValsMutator,getStored,199,NO_COVERAGE,none
Skip.java,com.amihaiemil.eoyaml.Skip$Line,org.pitest.mutationtest.engine.gregor.mutators.returns.PrimitiveReturnsMutator,indentation,175,NO_COVERAGE,none
Skip.java,com.amihaiemil.eoyaml.Skip$Line,org.pitest.mutationtest.engine.gregor.mutators.returns.PrimitiveReturnsMutator,number,170,NO_COVERAGE,none
Skip.java,com.amihaiemil.eoyaml.Skip$Line,org.pitest.mutationtest.engine.gregor.mutators.returns.NullReturnValsMutator,unwrap,207,KILLED,com.amihaiemil.eoyaml.SkipTest.skipsNoLines(com.amihaiemil.eoyaml.SkipTest)
Skip.java,com.amihaiemil.eoyaml.Skip$Line,org.pitest.mutationtest.engine.gregor.mutators.returns.EmptyObjectReturnValsMutator,value,165,KILLED,com.amihaiemil.eoyaml.SkipTest.skipsLines(com.amihaiemil.eoyaml.SkipTest)
