Transform2.java,org.xmlcml.euclid.Transform2,org.pitest.mutationtest.engine.gregor.mutators.ConditionalsBoundaryMutator,<init>,87,KILLED,org.xmlcml.euclid.test.Transform2Test.testGetTranslation(org.xmlcml.euclid.test.Transform2Test)
Transform2.java,org.xmlcml.euclid.Transform2,org.pitest.mutationtest.engine.gregor.mutators.RemoveConditionalMutator_ORDER_ELSE,<init>,87,KILLED,org.xmlcml.euclid.test.Transform2Test.testTransform2(org.xmlcml.euclid.test.Transform2Test)
Transform2.java,org.xmlcml.euclid.Transform2,org.pitest.mutationtest.engine.gregor.mutators.RemoveConditionalMutator_ORDER_IF,<init>,87,KILLED,org.xmlcml.euclid.test.Transform2Test.testGetTranslation(org.xmlcml.euclid.test.Transform2Test)
Transform2.java,org.xmlcml.euclid.Transform2,org.pitest.mutationtest.engine.gregor.mutators.VoidMethodCallMutator,<init>,116,NO_COVERAGE,none
Transform2.java,org.xmlcml.euclid.Transform2,org.pitest.mutationtest.engine.gregor.mutators.InvertNegsMutator,<init>,135,KILLED,org.xmlcml.euclid.test.Transform2Test.testTransform2Vector2Vector2(org.xmlcml.euclid.test.Transform2Test)
Transform2.java,org.xmlcml.euclid.Transform2,org.pitest.mutationtest.engine.gregor.mutators.ConditionalsBoundaryMutator,<init>,186,SURVIVED,none
Transform2.java,org.xmlcml.euclid.Transform2,org.pitest.mutationtest.engine.gregor.mutators.RemoveConditionalMutator_ORDER_ELSE,<init>,186,KILLED,org.xmlcml.euclid.test.Transform2Test.testTransform2Real2Real2(org.xmlcml.euclid.test.Transform2Test)
Transform2.java,org.xmlcml.euclid.Transform2,org.pitest.mutationtest.engine.gregor.mutators.RemoveConditionalMutator_ORDER_IF,<init>,186,KILLED,org.xmlcml.euclid.test.Transform2Test.testTransform2Real2Real2(org.xmlcml.euclid.test.Transform2Test)
Transform2.java,org.xmlcml.euclid.Transform2,org.pitest.mutationtest.engine.gregor.mutators.ConditionalsBoundaryMutator,<init>,334,NO_COVERAGE,none
Transform2.java,org.xmlcml.euclid.Transform2,org.pitest.mutationtest.engine.gregor.mutators.ConditionalsBoundaryMutator,<init>,337,NO_COVERAGE,none
Transform2.java,org.xmlcml.euclid.Transform2,org.pitest.mutationtest.engine.gregor.mutators.MathMutator,<init>,331,NO_COVERAGE,none
Transform2.java,org.xmlcml.euclid.Transform2,org.pitest.mutationtest.engine.gregor.mutators.MathMutator,<init>,332,NO_COVERAGE,none
Transform2.java,org.xmlcml.euclid.Transform2,org.pitest.mutationtest.engine.gregor.mutators.MathMutator,<init>,335,NO_COVERAGE,none
Transform2.java,org.xmlcml.euclid.Transform2,org.pitest.mutationtest.engine.gregor.mutators.MathMutator,<init>,335,NO_COVERAGE,none
Transform2.java,org.xmlcml.euclid.Transform2,org.pitest.mutationtest.engine.gregor.mutators.MathMutator,<init>,338,NO_COVERAGE,none
Transform2.java,org.xmlcml.euclid.Transform2,org.pitest.mutationtest.engine.gregor.mutators.MathMutator,<init>,338,NO_COVERAGE,none
Transform2.java,org.xmlcml.euclid.Transform2,org.pitest.mutationtest.engine.gregor.mutators.MathMutator,<init>,343,NO_COVERAGE,none
Transform2.java,org.xmlcml.euclid.Transform2,org.pitest.mutationtest.engine.gregor.mutators.MathMutator,<init>,343,NO_COVERAGE,none
Transform2.java,org.xmlcml.euclid.Transform2,org.pitest.mutationtest.engine.gregor.mutators.MathMutator,<init>,344,NO_COVERAGE,none
Transform2.java,org.xmlcml.euclid.Transform2,org.pitest.mutationtest.engine.gregor.mutators.MathMutator,<init>,344,NO_COVERAGE,none
Transform2.java,org.xmlcml.euclid.Transform2,org.pitest.mutationtest.engine.gregor.mutators.RemoveConditionalMutator_EQUAL_ELSE,<init>,333,NO_COVERAGE,none
Transform2.java,org.xmlcml.euclid.Transform2,org.pitest.mutationtest.engine.gregor.mutators.RemoveConditionalMutator_EQUAL_IF,<init>,333,NO_COVERAGE,none
Transform2.java,org.xmlcml.euclid.Transform2,org.pitest.mutationtest.engine.gregor.mutators.RemoveConditionalMutator_ORDER_ELSE,<init>,334,NO_COVERAGE,none
Transform2.java,org.xmlcml.euclid.Transform2,org.pitest.mutationtest.engine.gregor.mutators.RemoveConditionalMutator_ORDER_ELSE,<init>,337,NO_COVERAGE,none
Transform2.java,org.xmlcml.euclid.Transform2,org.pitest.mutationtest.engine.gregor.mutators.RemoveConditionalMutator_ORDER_IF,<init>,334,NO_COVERAGE,none
Transform2.java,org.xmlcml.euclid.Transform2,org.pitest.mutationtest.engine.gregor.mutators.RemoveConditionalMutator_ORDER_IF,<init>,337,NO_COVERAGE,none
Transform2.java,org.xmlcml.euclid.Transform2,org.pitest.mutationtest.engine.gregor.mutators.ConditionalsBoundaryMutator,<init>,233,KILLED,org.xmlcml.euclid.test.Transform2Test.testTransform2RealSquareMatrixVector2(org.xmlcml.euclid.test.Transform2Test)
Transform2.java,org.xmlcml.euclid.Transform2,org.pitest.mutationtest.engine.gregor.mutators.ConditionalsBoundaryMutator,<init>,234,KILLED,org.xmlcml.euclid.test.Transform2Test.testTransform2RealSquareMatrixVector2(org.xmlcml.euclid.test.Transform2Test)
Transform2.java,org.xmlcml.euclid.Transform2,org.pitest.mutationtest.engine.gregor.mutators.RemoveConditionalMutator_EQUAL_ELSE,<init>,231,KILLED,org.xmlcml.euclid.test.Transform2Test.testTransform2RealSquareMatrixVector2(org.xmlcml.euclid.test.Transform2Test)
Transform2.java,org.xmlcml.euclid.Transform2,org.pitest.mutationtest.engine.gregor.mutators.RemoveConditionalMutator_EQUAL_ELSE,<init>,238,SURVIVED,none
Transform2.java,org.xmlcml.euclid.Transform2,org.pitest.mutationtest.engine.gregor.mutators.RemoveConditionalMutator_EQUAL_IF,<init>,231,KILLED,org.xmlcml.euclid.test.Transform2Test.testTransform2RealSquareMatrix(org.xmlcml.euclid.test.Transform2Test)
Transform2.java,org.xmlcml.euclid.Transform2,org.pitest.mutationtest.engine.gregor.mutators.RemoveConditionalMutator_EQUAL_IF,<init>,238,KILLED,org.xmlcml.euclid.test.Transform2Test.testTransform2RealSquareMatrix(org.xmlcml.euclid.test.Transform2Test)
Transform2.java,org.xmlcml.euclid.Transform2,org.pitest.mutationtest.engine.gregor.mutators.RemoveConditionalMutator_ORDER_ELSE,<init>,233,SURVIVED,none
Transform2.java,org.xmlcml.euclid.Transform2,org.pitest.mutationtest.engine.gregor.mutators.RemoveConditionalMutator_ORDER_ELSE,<init>,234,SURVIVED,none
Transform2.java,org.xmlcml.euclid.Transform2,org.pitest.mutationtest.engine.gregor.mutators.RemoveConditionalMutator_ORDER_IF,<init>,233,KILLED,org.xmlcml.euclid.test.Transform2Test.testTransform2RealSquareMatrixVector2(org.xmlcml.euclid.test.Transform2Test)
Transform2.java,org.xmlcml.euclid.Transform2,org.pitest.mutationtest.engine.gregor.mutators.RemoveConditionalMutator_ORDER_IF,<init>,234,KILLED,org.xmlcml.euclid.test.Transform2Test.testTransform2RealSquareMatrixVector2(org.xmlcml.euclid.test.Transform2Test)
Transform2.java,org.xmlcml.euclid.Transform2,org.pitest.mutationtest.engine.gregor.mutators.RemoveConditionalMutator_EQUAL_ELSE,<init>,258,KILLED,org.xmlcml.euclid.test.Transform2Test.testTransform2RealSquareMatrixVector2(org.xmlcml.euclid.test.Transform2Test)
Transform2.java,org.xmlcml.euclid.Transform2,org.pitest.mutationtest.engine.gregor.mutators.RemoveConditionalMutator_EQUAL_IF,<init>,258,KILLED,org.xmlcml.euclid.test.Transform2Test.testTransform2RealSquareMatrixVector2(org.xmlcml.euclid.test.Transform2Test)
Transform2.java,org.xmlcml.euclid.Transform2,org.pitest.mutationtest.engine.gregor.mutators.InvertNegsMutator,<init>,151,KILLED,org.xmlcml.euclid.test.Transform2Test.testTransform2Transform2Real2(org.xmlcml.euclid.test.Transform2Test)
Transform2.java,org.xmlcml.euclid.Transform2,org.pitest.mutationtest.engine.gregor.mutators.InvertNegsMutator,<init>,152,KILLED,org.xmlcml.euclid.test.Transform2Test.testTransform2Transform2Real2(org.xmlcml.euclid.test.Transform2Test)
Transform2.java,org.xmlcml.euclid.Transform2,org.pitest.mutationtest.engine.gregor.mutators.MathMutator,<init>,151,KILLED,org.xmlcml.euclid.test.Transform2Test.testTransform2Transform2Real2(org.xmlcml.euclid.test.Transform2Test)
Transform2.java,org.xmlcml.euclid.Transform2,org.pitest.mutationtest.engine.gregor.mutators.MathMutator,<init>,151,KILLED,org.xmlcml.euclid.test.Transform2Test.testTransform2Transform2Real2(org.xmlcml.euclid.test.Transform2Test)
Transform2.java,org.xmlcml.euclid.Transform2,org.pitest.mutationtest.engine.gregor.mutators.MathMutator,<init>,151,KILLED,org.xmlcml.euclid.test.Transform2Test.testTransform2Transform2Real2(org.xmlcml.euclid.test.Transform2Test)
Transform2.java,org.xmlcml.euclid.Transform2,org.pitest.mutationtest.engine.gregor.mutators.MathMutator,<init>,151,KILLED,org.xmlcml.euclid.test.Transform2Test.testTransform2Transform2Real2(org.xmlcml.euclid.test.Transform2Test)
Transform2.java,org.xmlcml.euclid.Transform2,org.pitest.mutationtest.engine.gregor.mutators.MathMutator,<init>,152,KILLED,org.xmlcml.euclid.test.Transform2Test.testTransform2Transform2Real2(org.xmlcml.euclid.test.Transform2Test)
Transform2.java,org.xmlcml.euclid.Transform2,org.pitest.mutationtest.engine.gregor.mutators.MathMutator,<init>,152,KILLED,org.xmlcml.euclid.test.Transform2Test.testTransform2Transform2Real2(org.xmlcml.euclid.test.Transform2Test)
Transform2.java,org.xmlcml.euclid.Transform2,org.pitest.mutationtest.engine.gregor.mutators.MathMutator,<init>,152,KILLED,org.xmlcml.euclid.test.Transform2Test.testTransform2Transform2Real2(org.xmlcml.euclid.test.Transform2Test)
Transform2.java,org.xmlcml.euclid.Transform2,org.pitest.mutationtest.engine.gregor.mutators.MathMutator,<init>,152,KILLED,org.xmlcml.euclid.test.Transform2Test.testTransform2Transform2Real2(org.xmlcml.euclid.test.Transform2Test)
Transform2.java,org.xmlcml.euclid.Transform2,org.pitest.mutationtest.engine.gregor.mutators.returns.NullReturnValsMutator,applyScale,420,NO_COVERAGE,none
Transform2.java,org.xmlcml.euclid.Transform2,org.pitest.mutationtest.engine.gregor.mutators.returns.NullReturnValsMutator,applyScales,390,NO_COVERAGE,none
Transform2.java,org.xmlcml.euclid.Transform2,org.pitest.mutationtest.engine.gregor.mutators.RemoveConditionalMutator_EQUAL_ELSE,calculateMatrixType,502,KILLED,org.xmlcml.euclid.test.Transform2Test.testCheckMatrix(org.xmlcml.euclid.test.Transform2Test)
Transform2.java,org.xmlcml.euclid.Transform2,org.pitest.mutationtest.engine.gregor.mutators.RemoveConditionalMutator_EQUAL_ELSE,calculateMatrixType,503,KILLED,org.xmlcml.euclid.test.Transform2Test.testCheckMatrix(org.xmlcml.euclid.test.Transform2Test)
Transform2.java,org.xmlcml.euclid.Transform2,org.pitest.mutationtest.engine.gregor.mutators.RemoveConditionalMutator_EQUAL_ELSE,calculateMatrixType,504,KILLED,org.xmlcml.euclid.test.Transform2Test.testCheckMatrix(org.xmlcml.euclid.test.Transform2Test)
Transform2.java,org.xmlcml.euclid.Transform2,org.pitest.mutationtest.engine.gregor.mutators.RemoveConditionalMutator_EQUAL_ELSE,calculateMatrixType,509,KILLED,org.xmlcml.euclid.test.Transform2Test.testTransform2RealSquareMatrix(org.xmlcml.euclid.test.Transform2Test)
Transform2.java,org.xmlcml.euclid.Transform2,org.pitest.mutationtest.engine.gregor.mutators.RemoveConditionalMutator_EQUAL_ELSE,calculateMatrixType,513,KILLED,org.xmlcml.euclid.test.Transform2Test.testTransform2DoubleArray(org.xmlcml.euclid.test.Transform2Test)
Transform2.java,org.xmlcml.euclid.Transform2,org.pitest.mutationtest.engine.gregor.mutators.RemoveConditionalMutator_EQUAL_ELSE,calculateMatrixType,518,NO_COVERAGE,none
Transform2.java,org.xmlcml.euclid.Transform2,org.pitest.mutationtest.engine.gregor.mutators.RemoveConditionalMutator_EQUAL_ELSE,calculateMatrixType,522,NO_COVERAGE,none
Transform2.java,org.xmlcml.euclid.Transform2,org.pitest.mutationtest.engine.gregor.mutators.RemoveConditionalMutator_EQUAL_ELSE,calculateMatrixType,524,NO_COVERAGE,none
Transform2.java,org.xmlcml.euclid.Transform2,org.pitest.mutationtest.engine.gregor.mutators.RemoveConditionalMutator_EQUAL_IF,calculateMatrixType,502,SURVIVED,none
Transform2.java,org.xmlcml.euclid.Transform2,org.pitest.mutationtest.engine.gregor.mutators.RemoveConditionalMutator_EQUAL_IF,calculateMatrixType,503,SURVIVED,none
Transform2.java,org.xmlcml.euclid.Transform2,org.pitest.mutationtest.engine.gregor.mutators.RemoveConditionalMutator_EQUAL_IF,calculateMatrixType,504,SURVIVED,none
Transform2.java,org.xmlcml.euclid.Transform2,org.pitest.mutationtest.engine.gregor.mutators.RemoveConditionalMutator_EQUAL_IF,calculateMatrixType,509,KILLED,org.xmlcml.euclid.test.Transform2Test.testTransform2DoubleArray(org.xmlcml.euclid.test.Transform2Test)
Transform2.java,org.xmlcml.euclid.Transform2,org.pitest.mutationtest.engine.gregor.mutators.RemoveConditionalMutator_EQUAL_IF,calculateMatrixType,513,SURVIVED,none
Transform2.java,org.xmlcml.euclid.Transform2,org.pitest.mutationtest.engine.gregor.mutators.RemoveConditionalMutator_EQUAL_IF,calculateMatrixType,518,NO_COVERAGE,none
Transform2.java,org.xmlcml.euclid.Transform2,org.pitest.mutationtest.engine.gregor.mutators.RemoveConditionalMutator_EQUAL_IF,calculateMatrixType,522,NO_COVERAGE,none
Transform2.java,org.xmlcml.euclid.Transform2,org.pitest.mutationtest.engine.gregor.mutators.RemoveConditionalMutator_EQUAL_IF,calculateMatrixType,524,NO_COVERAGE,none
Transform2.java,org.xmlcml.euclid.Transform2,org.pitest.mutationtest.engine.gregor.mutators.returns.NullReturnValsMutator,calculateMatrixType,505,KILLED,org.xmlcml.euclid.test.Transform2Test.testConcatenate(org.xmlcml.euclid.test.Transform2Test)
Transform2.java,org.xmlcml.euclid.Transform2,org.pitest.mutationtest.engine.gregor.mutators.returns.NullReturnValsMutator,calculateMatrixType,510,KILLED,org.xmlcml.euclid.test.Transform2Test.testTransform2RealSquareMatrix(org.xmlcml.euclid.test.Transform2Test)
Transform2.java,org.xmlcml.euclid.Transform2,org.pitest.mutationtest.engine.gregor.mutators.returns.NullReturnValsMutator,calculateMatrixType,514,KILLED,org.xmlcml.euclid.test.Transform2Test.testTransform2DoubleArray(org.xmlcml.euclid.test.Transform2Test)
Transform2.java,org.xmlcml.euclid.Transform2,org.pitest.mutationtest.engine.gregor.mutators.returns.NullReturnValsMutator,calculateMatrixType,519,NO_COVERAGE,none
Transform2.java,org.xmlcml.euclid.Transform2,org.pitest.mutationtest.engine.gregor.mutators.returns.NullReturnValsMutator,calculateMatrixType,525,NO_COVERAGE,none
Transform2.java,org.xmlcml.euclid.Transform2,org.pitest.mutationtest.engine.gregor.mutators.returns.NullReturnValsMutator,calculateMatrixType,527,NO_COVERAGE,none
Transform2.java,org.xmlcml.euclid.Transform2,org.pitest.mutationtest.engine.gregor.mutators.returns.NullReturnValsMutator,calculateMatrixType,529,NO_COVERAGE,none
Transform2.java,org.xmlcml.euclid.Transform2,org.pitest.mutationtest.engine.gregor.mutators.returns.NullReturnValsMutator,clone,356,NO_COVERAGE,none
Transform2.java,org.xmlcml.euclid.Transform2,org.pitest.mutationtest.engine.gregor.mutators.returns.NullReturnValsMutator,clone,277,NO_COVERAGE,none
Transform2.java,org.xmlcml.euclid.Transform2,org.pitest.mutationtest.engine.gregor.mutators.ConditionalsBoundaryMutator,concatenate,440,SURVIVED,none
Transform2.java,org.xmlcml.euclid.Transform2,org.pitest.mutationtest.engine.gregor.mutators.RemoveConditionalMutator_ORDER_ELSE,concatenate,440,SURVIVED,none
Transform2.java,org.xmlcml.euclid.Transform2,org.pitest.mutationtest.engine.gregor.mutators.RemoveConditionalMutator_ORDER_IF,concatenate,440,KILLED,org.xmlcml.euclid.test.Transform2Test.testConcatenate(org.xmlcml.euclid.test.Transform2Test)
Transform2.java,org.xmlcml.euclid.Transform2,org.pitest.mutationtest.engine.gregor.mutators.returns.NullReturnValsMutator,concatenate,441,KILLED,org.xmlcml.euclid.test.Transform2Test.testConcatenate(org.xmlcml.euclid.test.Transform2Test)
Transform2.java,org.xmlcml.euclid.Transform2,org.pitest.mutationtest.engine.gregor.mutators.returns.NullReturnValsMutator,createScaleTransform,406,NO_COVERAGE,none
Transform2.java,org.xmlcml.euclid.Transform2,org.pitest.mutationtest.engine.gregor.mutators.InvertNegsMutator,flipAboutVector,620,SURVIVED,none
Transform2.java,org.xmlcml.euclid.Transform2,org.pitest.mutationtest.engine.gregor.mutators.MathMutator,flipAboutVector,619,KILLED,org.xmlcml.euclid.test.Transform2Test.testFlipAboutVector(org.xmlcml.euclid.test.Transform2Test)
Transform2.java,org.xmlcml.euclid.Transform2,org.pitest.mutationtest.engine.gregor.mutators.MathMutator,flipAboutVector,619,KILLED,org.xmlcml.euclid.test.Transform2Test.testFlipAboutVector(org.xmlcml.euclid.test.Transform2Test)
Transform2.java,org.xmlcml.euclid.Transform2,org.pitest.mutationtest.engine.gregor.mutators.MathMutator,flipAboutVector,619,KILLED,org.xmlcml.euclid.test.Transform2Test.testFlipAboutVector(org.xmlcml.euclid.test.Transform2Test)
Transform2.java,org.xmlcml.euclid.Transform2,org.pitest.mutationtest.engine.gregor.mutators.MathMutator,flipAboutVector,621,KILLED,org.xmlcml.euclid.test.Transform2Test.testFlipAboutVector(org.xmlcml.euclid.test.Transform2Test)
Transform2.java,org.xmlcml.euclid.Transform2,org.pitest.mutationtest.engine.gregor.mutators.MathMutator,flipAboutVector,621,KILLED,org.xmlcml.euclid.test.Transform2Test.testFlipAboutVector(org.xmlcml.euclid.test.Transform2Test)
Transform2.java,org.xmlcml.euclid.Transform2,org.pitest.mutationtest.engine.gregor.mutators.returns.NullReturnValsMutator,flipAboutVector,622,KILLED,org.xmlcml.euclid.test.Transform2Test.testFlipAboutVector(org.xmlcml.euclid.test.Transform2Test)
Transform2.java,org.xmlcml.euclid.Transform2,org.pitest.mutationtest.engine.gregor.mutators.RemoveConditionalMutator_EQUAL_ELSE,getAffineTransform,733,NO_COVERAGE,none
Transform2.java,org.xmlcml.euclid.Transform2,org.pitest.mutationtest.engine.gregor.mutators.RemoveConditionalMutator_EQUAL_IF,getAffineTransform,733,NO_COVERAGE,none
Transform2.java,org.xmlcml.euclid.Transform2,org.pitest.mutationtest.engine.gregor.mutators.returns.NullReturnValsMutator,getAffineTransform,742,NO_COVERAGE,none
Transform2.java,org.xmlcml.euclid.Transform2,org.pitest.mutationtest.engine.gregor.mutators.MathMutator,getAngleOfRotation,548,KILLED,org.xmlcml.euclid.test.Transform2Test.testGetAngleOfRotation1(org.xmlcml.euclid.test.Transform2Test)
Transform2.java,org.xmlcml.euclid.Transform2,org.pitest.mutationtest.engine.gregor.mutators.RemoveConditionalMutator_EQUAL_ELSE,getAngleOfRotation,548,KILLED,org.xmlcml.euclid.test.Transform2Test.testGetAngleOfRotation1(org.xmlcml.euclid.test.Transform2Test)
Transform2.java,org.xmlcml.euclid.Transform2,org.pitest.mutationtest.engine.gregor.mutators.RemoveConditionalMutator_EQUAL_ELSE,getAngleOfRotation,551,KILLED,org.xmlcml.euclid.test.Transform2Test.testGetAngleOfRotation2(org.xmlcml.euclid.test.Transform2Test)
Transform2.java,org.xmlcml.euclid.Transform2,org.pitest.mutationtest.engine.gregor.mutators.RemoveConditionalMutator_EQUAL_ELSE,getAngleOfRotation,552,KILLED,org.xmlcml.euclid.test.Transform2Test.testGetAngleOfRotation2(org.xmlcml.euclid.test.Transform2Test)
Transform2.java,org.xmlcml.euclid.Transform2,org.pitest.mutationtest.engine.gregor.mutators.RemoveConditionalMutator_EQUAL_ELSE,getAngleOfRotation,554,NO_COVERAGE,none
Transform2.java,org.xmlcml.euclid.Transform2,org.pitest.mutationtest.engine.gregor.mutators.RemoveConditionalMutator_EQUAL_IF,getAngleOfRotation,548,KILLED,org.xmlcml.euclid.test.Transform2Test.testGetAngleOfRotation2(org.xmlcml.euclid.test.Transform2Test)
Transform2.java,org.xmlcml.euclid.Transform2,org.pitest.mutationtest.engine.gregor.mutators.RemoveConditionalMutator_EQUAL_IF,getAngleOfRotation,551,SURVIVED,none
Transform2.java,org.xmlcml.euclid.Transform2,org.pitest.mutationtest.engine.gregor.mutators.RemoveConditionalMutator_EQUAL_IF,getAngleOfRotation,552,SURVIVED,none
Transform2.java,org.xmlcml.euclid.Transform2,org.pitest.mutationtest.engine.gregor.mutators.RemoveConditionalMutator_EQUAL_IF,getAngleOfRotation,554,NO_COVERAGE,none
Transform2.java,org.xmlcml.euclid.Transform2,org.pitest.mutationtest.engine.gregor.mutators.returns.NullReturnValsMutator,getAngleOfRotationNew,580,NO_COVERAGE,none
Transform2.java,org.xmlcml.euclid.Transform2,org.pitest.mutationtest.engine.gregor.mutators.MathMutator,getAngleOfSkew,598,NO_COVERAGE,none
Transform2.java,org.xmlcml.euclid.Transform2,org.pitest.mutationtest.engine.gregor.mutators.MathMutator,getAngleOfSkew,599,NO_COVERAGE,none
Transform2.java,org.xmlcml.euclid.Transform2,org.pitest.mutationtest.engine.gregor.mutators.RemoveConditionalMutator_EQUAL_ELSE,getAngleOfSkew,601,NO_COVERAGE,none
Transform2.java,org.xmlcml.euclid.Transform2,org.pitest.mutationtest.engine.gregor.mutators.RemoveConditionalMutator_EQUAL_ELSE,getAngleOfSkew,601,NO_COVERAGE,none
Transform2.java,org.xmlcml.euclid.Transform2,org.pitest.mutationtest.engine.gregor.mutators.RemoveConditionalMutator_EQUAL_IF,getAngleOfSkew,601,NO_COVERAGE,none
Transform2.java,org.xmlcml.euclid.Transform2,org.pitest.mutationtest.engine.gregor.mutators.RemoveConditionalMutator_EQUAL_IF,getAngleOfSkew,601,NO_COVERAGE,none
Transform2.java,org.xmlcml.euclid.Transform2,org.pitest.mutationtest.engine.gregor.mutators.returns.NullReturnValsMutator,getAngleOfSkew,604,NO_COVERAGE,none
Transform2.java,org.xmlcml.euclid.Transform2,org.pitest.mutationtest.engine.gregor.mutators.returns.NullReturnValsMutator,getRotationAboutPoint,379,NO_COVERAGE,none
Transform2.java,org.xmlcml.euclid.Transform2,org.pitest.mutationtest.engine.gregor.mutators.VoidMethodCallMutator,getRotationMatrix,661,SURVIVED,none
Transform2.java,org.xmlcml.euclid.Transform2,org.pitest.mutationtest.engine.gregor.mutators.returns.NullReturnValsMutator,getRotationMatrix,663,KILLED,org.xmlcml.euclid.test.Transform2Test.testGetRotationMatrix(org.xmlcml.euclid.test.Transform2Test)
Transform2.java,org.xmlcml.euclid.Transform2,org.pitest.mutationtest.engine.gregor.mutators.returns.NullReturnValsMutator,getScales,650,NO_COVERAGE,none
Transform2.java,org.xmlcml.euclid.Transform2,org.pitest.mutationtest.engine.gregor.mutators.returns.NullReturnValsMutator,getTransformToRotateAndStretchLine,698,NO_COVERAGE,none
Transform2.java,org.xmlcml.euclid.Transform2,org.pitest.mutationtest.engine.gregor.mutators.returns.NullReturnValsMutator,getTransformationType,492,KILLED,org.xmlcml.euclid.test.Transform2Test.testTransform2(org.xmlcml.euclid.test.Transform2Test)
Transform2.java,org.xmlcml.euclid.Transform2,org.pitest.mutationtest.engine.gregor.mutators.returns.NullReturnValsMutator,getTranslation,630,KILLED,org.xmlcml.euclid.test.Transform2Test.testGetTranslation(org.xmlcml.euclid.test.Transform2Test)
Transform2.java,org.xmlcml.euclid.Transform2,org.pitest.mutationtest.engine.gregor.mutators.RemoveConditionalMutator_EQUAL_ELSE,getTranslationTransform,282,NO_COVERAGE,none
Transform2.java,org.xmlcml.euclid.Transform2,org.pitest.mutationtest.engine.gregor.mutators.RemoveConditionalMutator_EQUAL_IF,getTranslationTransform,282,NO_COVERAGE,none
Transform2.java,org.xmlcml.euclid.Transform2,org.pitest.mutationtest.engine.gregor.mutators.returns.NullReturnValsMutator,getTranslationTransform,285,NO_COVERAGE,none
Transform2.java,org.xmlcml.euclid.Transform2,org.pitest.mutationtest.engine.gregor.mutators.RemoveConditionalMutator_EQUAL_ELSE,isEqualTo,366,KILLED,org.xmlcml.euclid.test.Transform2Test.testIsEqualToTransform2(org.xmlcml.euclid.test.Transform2Test)
Transform2.java,org.xmlcml.euclid.Transform2,org.pitest.mutationtest.engine.gregor.mutators.RemoveConditionalMutator_EQUAL_ELSE,isEqualTo,366,KILLED,org.xmlcml.euclid.test.Transform2Test.testIsEqualToTransform2(org.xmlcml.euclid.test.Transform2Test)
Transform2.java,org.xmlcml.euclid.Transform2,org.pitest.mutationtest.engine.gregor.mutators.RemoveConditionalMutator_EQUAL_IF,isEqualTo,366,SURVIVED,none
Transform2.java,org.xmlcml.euclid.Transform2,org.pitest.mutationtest.engine.gregor.mutators.RemoveConditionalMutator_EQUAL_IF,isEqualTo,366,SURVIVED,none
Transform2.java,org.xmlcml.euclid.Transform2,org.pitest.mutationtest.engine.gregor.mutators.returns.BooleanTrueReturnValsMutator,isEqualTo,366,SURVIVED,none
Transform2.java,org.xmlcml.euclid.Transform2,org.pitest.mutationtest.engine.gregor.mutators.returns.NullReturnValsMutator,removeTranslations,674,NO_COVERAGE,none
Transform2.java,org.xmlcml.euclid.Transform2,org.pitest.mutationtest.engine.gregor.mutators.MathMutator,setTransformationType,464,NO_COVERAGE,none
Transform2.java,org.xmlcml.euclid.Transform2,org.pitest.mutationtest.engine.gregor.mutators.MathMutator,setTransformationType,464,NO_COVERAGE,none
Transform2.java,org.xmlcml.euclid.Transform2,org.pitest.mutationtest.engine.gregor.mutators.RemoveConditionalMutator_EQUAL_ELSE,setTransformationType,453,SURVIVED,none
Transform2.java,org.xmlcml.euclid.Transform2,org.pitest.mutationtest.engine.gregor.mutators.RemoveConditionalMutator_EQUAL_ELSE,setTransformationType,457,KILLED,org.xmlcml.euclid.test.Transform2Test.testSetTransformationType(org.xmlcml.euclid.test.Transform2Test)
Transform2.java,org.xmlcml.euclid.Transform2,org.pitest.mutationtest.engine.gregor.mutators.RemoveConditionalMutator_EQUAL_ELSE,setTransformationType,461,NO_COVERAGE,none
Transform2.java,org.xmlcml.euclid.Transform2,org.pitest.mutationtest.engine.gregor.mutators.RemoveConditionalMutator_EQUAL_ELSE,setTransformationType,470,NO_COVERAGE,none
Transform2.java,org.xmlcml.euclid.Transform2,org.pitest.mutationtest.engine.gregor.mutators.RemoveConditionalMutator_EQUAL_ELSE,setTransformationType,471,NO_COVERAGE,none
Transform2.java,org.xmlcml.euclid.Transform2,org.pitest.mutationtest.engine.gregor.mutators.RemoveConditionalMutator_EQUAL_ELSE,setTransformationType,478,NO_COVERAGE,none
Transform2.java,org.xmlcml.euclid.Transform2,org.pitest.mutationtest.engine.gregor.mutators.RemoveConditionalMutator_EQUAL_ELSE,setTransformationType,479,NO_COVERAGE,none
Transform2.java,org.xmlcml.euclid.Transform2,org.pitest.mutationtest.engine.gregor.mutators.RemoveConditionalMutator_EQUAL_IF,setTransformationType,453,SURVIVED,none
Transform2.java,org.xmlcml.euclid.Transform2,org.pitest.mutationtest.engine.gregor.mutators.RemoveConditionalMutator_EQUAL_IF,setTransformationType,457,SURVIVED,none
Transform2.java,org.xmlcml.euclid.Transform2,org.pitest.mutationtest.engine.gregor.mutators.RemoveConditionalMutator_EQUAL_IF,setTransformationType,461,NO_COVERAGE,none
Transform2.java,org.xmlcml.euclid.Transform2,org.pitest.mutationtest.engine.gregor.mutators.RemoveConditionalMutator_EQUAL_IF,setTransformationType,470,NO_COVERAGE,none
Transform2.java,org.xmlcml.euclid.Transform2,org.pitest.mutationtest.engine.gregor.mutators.RemoveConditionalMutator_EQUAL_IF,setTransformationType,471,NO_COVERAGE,none
Transform2.java,org.xmlcml.euclid.Transform2,org.pitest.mutationtest.engine.gregor.mutators.RemoveConditionalMutator_EQUAL_IF,setTransformationType,478,NO_COVERAGE,none
Transform2.java,org.xmlcml.euclid.Transform2,org.pitest.mutationtest.engine.gregor.mutators.RemoveConditionalMutator_EQUAL_IF,setTransformationType,479,NO_COVERAGE,none
Transform2.java,org.xmlcml.euclid.Transform2,org.pitest.mutationtest.engine.gregor.mutators.VoidMethodCallMutator,setTransformationType,456,NO_COVERAGE,none
Transform2.java,org.xmlcml.euclid.Transform2,org.pitest.mutationtest.engine.gregor.mutators.VoidMethodCallMutator,setTransformationType,460,SURVIVED,none
Transform2.java,org.xmlcml.euclid.Transform2,org.pitest.mutationtest.engine.gregor.mutators.VoidMethodCallMutator,setTransformationType,469,NO_COVERAGE,none
Transform2.java,org.xmlcml.euclid.Transform2,org.pitest.mutationtest.engine.gregor.mutators.VoidMethodCallMutator,setTransformationType,477,NO_COVERAGE,none
Transform2.java,org.xmlcml.euclid.Transform2,org.pitest.mutationtest.engine.gregor.mutators.returns.PrimitiveReturnsMutator,setTransformationType,481,NO_COVERAGE,none
Transform2.java,org.xmlcml.euclid.Transform2,org.pitest.mutationtest.engine.gregor.mutators.ConditionalsBoundaryMutator,toString,708,NO_COVERAGE,none
Transform2.java,org.xmlcml.euclid.Transform2,org.pitest.mutationtest.engine.gregor.mutators.ConditionalsBoundaryMutator,toString,709,NO_COVERAGE,none
Transform2.java,org.xmlcml.euclid.Transform2,org.pitest.mutationtest.engine.gregor.mutators.ConditionalsBoundaryMutator,toString,713,NO_COVERAGE,none
Transform2.java,org.xmlcml.euclid.Transform2,org.pitest.mutationtest.engine.gregor.mutators.MathMutator,toString,713,NO_COVERAGE,none
Transform2.java,org.xmlcml.euclid.Transform2,org.pitest.mutationtest.engine.gregor.mutators.RemoveConditionalMutator_ORDER_ELSE,toString,708,NO_COVERAGE,none
Transform2.java,org.xmlcml.euclid.Transform2,org.pitest.mutationtest.engine.gregor.mutators.RemoveConditionalMutator_ORDER_ELSE,toString,709,NO_COVERAGE,none
Transform2.java,org.xmlcml.euclid.Transform2,org.pitest.mutationtest.engine.gregor.mutators.RemoveConditionalMutator_ORDER_ELSE,toString,713,NO_COVERAGE,none
Transform2.java,org.xmlcml.euclid.Transform2,org.pitest.mutationtest.engine.gregor.mutators.RemoveConditionalMutator_ORDER_IF,toString,708,NO_COVERAGE,none
Transform2.java,org.xmlcml.euclid.Transform2,org.pitest.mutationtest.engine.gregor.mutators.RemoveConditionalMutator_ORDER_IF,toString,709,NO_COVERAGE,none
Transform2.java,org.xmlcml.euclid.Transform2,org.pitest.mutationtest.engine.gregor.mutators.RemoveConditionalMutator_ORDER_IF,toString,713,NO_COVERAGE,none
Transform2.java,org.xmlcml.euclid.Transform2,org.pitest.mutationtest.engine.gregor.mutators.returns.EmptyObjectReturnValsMutator,toString,718,NO_COVERAGE,none
