WellIndented.java,com.amihaiemil.eoyaml.WellIndented,org.pitest.mutationtest.engine.gregor.mutators.ConditionalsBoundaryMutator,iterator,114,NO_COVERAGE,none
WellIndented.java,com.amihaiemil.eoyaml.WellIndented,org.pitest.mutationtest.engine.gregor.mutators.ConditionalsBoundaryMutator,iterator,125,KILLED,com.amihaiemil.eoyaml.WellIndentedTest.validatesProperLines(com.amihaiemil.eoyaml.WellIndentedTest)
WellIndented.java,com.amihaiemil.eoyaml.WellIndented,org.pitest.mutationtest.engine.gregor.mutators.IncrementsMutator,iterator,109,NO_COVERAGE,none
WellIndented.java,com.amihaiemil.eoyaml.WellIndented,org.pitest.mutationtest.engine.gregor.mutators.MathMutator,iterator,101,KILLED,com.amihaiemil.eoyaml.WellIndentedTest.complainsOnBadlyIndentedSequence(com.amihaiemil.eoyaml.WellIndentedTest)
WellIndented.java,com.amihaiemil.eoyaml.WellIndented,org.pitest.mutationtest.engine.gregor.mutators.MathMutator,iterator,114,NO_COVERAGE,none
WellIndented.java,com.amihaiemil.eoyaml.WellIndented,org.pitest.mutationtest.engine.gregor.mutators.MathMutator,iterator,116,NO_COVERAGE,none
WellIndented.java,com.amihaiemil.eoyaml.WellIndented,org.pitest.mutationtest.engine.gregor.mutators.MathMutator,iterator,119,NO_COVERAGE,none
WellIndented.java,com.amihaiemil.eoyaml.WellIndented,org.pitest.mutationtest.engine.gregor.mutators.MathMutator,iterator,128,SURVIVED,none
WellIndented.java,com.amihaiemil.eoyaml.WellIndented,org.pitest.mutationtest.engine.gregor.mutators.MathMutator,iterator,131,SURVIVED,none
WellIndented.java,com.amihaiemil.eoyaml.WellIndented,org.pitest.mutationtest.engine.gregor.mutators.RemoveConditionalMutator_EQUAL_ELSE,iterator,94,KILLED,com.amihaiemil.eoyaml.WellIndentedTest.complainsOnBadlyIndentedSequence(com.amihaiemil.eoyaml.WellIndentedTest)
WellIndented.java,com.amihaiemil.eoyaml.WellIndented,org.pitest.mutationtest.engine.gregor.mutators.RemoveConditionalMutator_EQUAL_ELSE,iterator,97,KILLED,com.amihaiemil.eoyaml.WellIndentedTest.complainsOnBadlyIndentedSequence(com.amihaiemil.eoyaml.WellIndentedTest)
WellIndented.java,com.amihaiemil.eoyaml.WellIndented,org.pitest.mutationtest.engine.gregor.mutators.RemoveConditionalMutator_EQUAL_ELSE,iterator,99,KILLED,com.amihaiemil.eoyaml.WellIndentedTest.complainsOnBadlyIndentedSequence(com.amihaiemil.eoyaml.WellIndentedTest)
WellIndented.java,com.amihaiemil.eoyaml.WellIndented,org.pitest.mutationtest.engine.gregor.mutators.RemoveConditionalMutator_EQUAL_ELSE,iterator,102,SURVIVED,none
WellIndented.java,com.amihaiemil.eoyaml.WellIndented,org.pitest.mutationtest.engine.gregor.mutators.RemoveConditionalMutator_EQUAL_ELSE,iterator,106,KILLED,com.amihaiemil.eoyaml.WellIndentedTest.complainsOnBadlyIndentedSequence(com.amihaiemil.eoyaml.WellIndentedTest)
WellIndented.java,com.amihaiemil.eoyaml.WellIndented,org.pitest.mutationtest.engine.gregor.mutators.RemoveConditionalMutator_EQUAL_ELSE,iterator,107,SURVIVED,none
WellIndented.java,com.amihaiemil.eoyaml.WellIndented,org.pitest.mutationtest.engine.gregor.mutators.RemoveConditionalMutator_EQUAL_ELSE,iterator,111,KILLED,com.amihaiemil.eoyaml.WellIndentedTest.complainsOnBadlyIndentedSequence(com.amihaiemil.eoyaml.WellIndentedTest)
WellIndented.java,com.amihaiemil.eoyaml.WellIndented,org.pitest.mutationtest.engine.gregor.mutators.RemoveConditionalMutator_EQUAL_ELSE,iterator,113,SURVIVED,none
WellIndented.java,com.amihaiemil.eoyaml.WellIndented,org.pitest.mutationtest.engine.gregor.mutators.RemoveConditionalMutator_EQUAL_ELSE,iterator,125,KILLED,com.amihaiemil.eoyaml.WellIndentedTest.complainsOnBadlyIndentedSequence(com.amihaiemil.eoyaml.WellIndentedTest)
WellIndented.java,com.amihaiemil.eoyaml.WellIndented,org.pitest.mutationtest.engine.gregor.mutators.RemoveConditionalMutator_EQUAL_ELSE,iterator,126,KILLED,com.amihaiemil.eoyaml.WellIndentedTest.complainsOnBadlyIndentedSequence(com.amihaiemil.eoyaml.WellIndentedTest)
WellIndented.java,com.amihaiemil.eoyaml.WellIndented,org.pitest.mutationtest.engine.gregor.mutators.RemoveConditionalMutator_EQUAL_IF,iterator,94,SURVIVED,none
WellIndented.java,com.amihaiemil.eoyaml.WellIndented,org.pitest.mutationtest.engine.gregor.mutators.RemoveConditionalMutator_EQUAL_IF,iterator,97,KILLED,com.amihaiemil.eoyaml.WellIndentedTest.validatesProperLines(com.amihaiemil.eoyaml.WellIndentedTest)
WellIndented.java,com.amihaiemil.eoyaml.WellIndented,org.pitest.mutationtest.engine.gregor.mutators.RemoveConditionalMutator_EQUAL_IF,iterator,99,SURVIVED,none
WellIndented.java,com.amihaiemil.eoyaml.WellIndented,org.pitest.mutationtest.engine.gregor.mutators.RemoveConditionalMutator_EQUAL_IF,iterator,102,KILLED,com.amihaiemil.eoyaml.WellIndentedTest.complainsOnBadlyIndentedSequence(com.amihaiemil.eoyaml.WellIndentedTest)
WellIndented.java,com.amihaiemil.eoyaml.WellIndented,org.pitest.mutationtest.engine.gregor.mutators.RemoveConditionalMutator_EQUAL_IF,iterator,106,SURVIVED,none
WellIndented.java,com.amihaiemil.eoyaml.WellIndented,org.pitest.mutationtest.engine.gregor.mutators.RemoveConditionalMutator_EQUAL_IF,iterator,107,KILLED,com.amihaiemil.eoyaml.WellIndentedTest.complainsOnBadlyIndentedSequence(com.amihaiemil.eoyaml.WellIndentedTest)
WellIndented.java,com.amihaiemil.eoyaml.WellIndented,org.pitest.mutationtest.engine.gregor.mutators.RemoveConditionalMutator_EQUAL_IF,iterator,111,SURVIVED,none
WellIndented.java,com.amihaiemil.eoyaml.WellIndented,org.pitest.mutationtest.engine.gregor.mutators.RemoveConditionalMutator_EQUAL_IF,iterator,113,KILLED,com.amihaiemil.eoyaml.WellIndentedTest.validatesProperLines(com.amihaiemil.eoyaml.WellIndentedTest)
WellIndented.java,com.amihaiemil.eoyaml.WellIndented,org.pitest.mutationtest.engine.gregor.mutators.RemoveConditionalMutator_EQUAL_IF,iterator,125,SURVIVED,none
WellIndented.java,com.amihaiemil.eoyaml.WellIndented,org.pitest.mutationtest.engine.gregor.mutators.RemoveConditionalMutator_EQUAL_IF,iterator,126,KILLED,com.amihaiemil.eoyaml.WellIndentedTest.validatesProperLines(com.amihaiemil.eoyaml.WellIndentedTest)
WellIndented.java,com.amihaiemil.eoyaml.WellIndented,org.pitest.mutationtest.engine.gregor.mutators.RemoveConditionalMutator_ORDER_ELSE,iterator,114,NO_COVERAGE,none
WellIndented.java,com.amihaiemil.eoyaml.WellIndented,org.pitest.mutationtest.engine.gregor.mutators.RemoveConditionalMutator_ORDER_ELSE,iterator,125,KILLED,com.amihaiemil.eoyaml.WellIndentedTest.complainsOnBadlyIndentedSequence(com.amihaiemil.eoyaml.WellIndentedTest)
WellIndented.java,com.amihaiemil.eoyaml.WellIndented,org.pitest.mutationtest.engine.gregor.mutators.RemoveConditionalMutator_ORDER_IF,iterator,114,NO_COVERAGE,none
WellIndented.java,com.amihaiemil.eoyaml.WellIndented,org.pitest.mutationtest.engine.gregor.mutators.RemoveConditionalMutator_ORDER_IF,iterator,125,KILLED,com.amihaiemil.eoyaml.WellIndentedTest.validatesProperLines(com.amihaiemil.eoyaml.WellIndentedTest)
WellIndented.java,com.amihaiemil.eoyaml.WellIndented,org.pitest.mutationtest.engine.gregor.mutators.returns.NullReturnValsMutator,iterator,144,KILLED,com.amihaiemil.eoyaml.WellIndentedTest.validatesProperLines(com.amihaiemil.eoyaml.WellIndentedTest)
WellIndented.java,com.amihaiemil.eoyaml.WellIndented,org.pitest.mutationtest.engine.gregor.mutators.returns.NullReturnValsMutator,nextYamlNode,149,KILLED,com.amihaiemil.eoyaml.WellIndentedTest.turnsIntoYamlNode(com.amihaiemil.eoyaml.WellIndentedTest)
