Line.java,technology.tabula.Line,org.pitest.mutationtest.engine.gregor.mutators.ConditionalsBoundaryMutator,addTextChunk,24,KILLED,technology.tabula.TestLine.testLessThanAddTextChunkIntTextChunk(technology.tabula.TestLine)
Line.java,technology.tabula.Line,org.pitest.mutationtest.engine.gregor.mutators.ConditionalsBoundaryMutator,addTextChunk,29,KILLED,technology.tabula.TestLine.testLessThanAddTextChunkIntTextChunk(technology.tabula.TestLine)
Line.java,technology.tabula.Line,org.pitest.mutationtest.engine.gregor.mutators.ConditionalsBoundaryMutator,addTextChunk,30,KILLED,technology.tabula.TestLine.testLessThanAddTextChunkIntTextChunk(technology.tabula.TestLine)
Line.java,technology.tabula.Line,org.pitest.mutationtest.engine.gregor.mutators.MathMutator,addTextChunk,29,KILLED,technology.tabula.TestLine.testLessThanAddTextChunkIntTextChunk(technology.tabula.TestLine)
Line.java,technology.tabula.Line,org.pitest.mutationtest.engine.gregor.mutators.RemoveConditionalMutator_ORDER_ELSE,addTextChunk,24,KILLED,technology.tabula.TestLine.testErrorAddTextChunkIntTextChunk(technology.tabula.TestLine)
Line.java,technology.tabula.Line,org.pitest.mutationtest.engine.gregor.mutators.RemoveConditionalMutator_ORDER_ELSE,addTextChunk,29,KILLED,technology.tabula.TestLine.testLessThanAddTextChunkIntTextChunk(technology.tabula.TestLine)
Line.java,technology.tabula.Line,org.pitest.mutationtest.engine.gregor.mutators.RemoveConditionalMutator_ORDER_ELSE,addTextChunk,30,KILLED,technology.tabula.TestLine.testLessThanAddTextChunkIntTextChunk(technology.tabula.TestLine)
Line.java,technology.tabula.Line,org.pitest.mutationtest.engine.gregor.mutators.RemoveConditionalMutator_ORDER_IF,addTextChunk,24,KILLED,technology.tabula.TestLine.testLessThanAddTextChunkIntTextChunk(technology.tabula.TestLine)
Line.java,technology.tabula.Line,org.pitest.mutationtest.engine.gregor.mutators.RemoveConditionalMutator_ORDER_IF,addTextChunk,29,KILLED,technology.tabula.TestLine.testLessThanAddTextChunkIntTextChunk(technology.tabula.TestLine)
Line.java,technology.tabula.Line,org.pitest.mutationtest.engine.gregor.mutators.RemoveConditionalMutator_ORDER_IF,addTextChunk,30,TIMED_OUT,none
Line.java,technology.tabula.Line,org.pitest.mutationtest.engine.gregor.mutators.RemoveConditionalMutator_EQUAL_ELSE,addTextChunk,42,NO_COVERAGE,none
Line.java,technology.tabula.Line,org.pitest.mutationtest.engine.gregor.mutators.RemoveConditionalMutator_EQUAL_IF,addTextChunk,42,NO_COVERAGE,none
Line.java,technology.tabula.Line,org.pitest.mutationtest.engine.gregor.mutators.VoidMethodCallMutator,addTextChunk,43,NO_COVERAGE,none
Line.java,technology.tabula.Line,org.pitest.mutationtest.engine.gregor.mutators.returns.EmptyObjectReturnValsMutator,getTextElements,16,KILLED,technology.tabula.TestLine.testSetTextElements(technology.tabula.TestLine)
Line.java,technology.tabula.Line,org.pitest.mutationtest.engine.gregor.mutators.VoidMethodCallMutator,removeRepeatedCharacters,70,NO_COVERAGE,none
Line.java,technology.tabula.Line,org.pitest.mutationtest.engine.gregor.mutators.returns.NullReturnValsMutator,removeRepeatedCharacters,74,NO_COVERAGE,none
Line.java,technology.tabula.Line,org.pitest.mutationtest.engine.gregor.mutators.MathMutator,toString,55,KILLED,technology.tabula.TestLine.testToString(technology.tabula.TestLine)
Line.java,technology.tabula.Line,org.pitest.mutationtest.engine.gregor.mutators.returns.EmptyObjectReturnValsMutator,toString,61,KILLED,technology.tabula.TestLine.testToString(technology.tabula.TestLine)
