ReadYamlStream.java,com.amihaiemil.eoyaml.ReadYamlStream,org.pitest.mutationtest.engine.gregor.mutators.returns.BooleanFalseReturnValsMutator,lambda$new$0,61,SURVIVED,none
ReadYamlStream.java,com.amihaiemil.eoyaml.ReadYamlStream,org.pitest.mutationtest.engine.gregor.mutators.returns.BooleanTrueReturnValsMutator,lambda$new$0,61,KILLED,com.amihaiemil.eoyaml.ReadYamlStreamTest.worksWithOnlyStartMarkers(com.amihaiemil.eoyaml.ReadYamlStreamTest)
ReadYamlStream.java,com.amihaiemil.eoyaml.ReadYamlStream,org.pitest.mutationtest.engine.gregor.mutators.returns.BooleanFalseReturnValsMutator,lambda$new$1,62,SURVIVED,none
ReadYamlStream.java,com.amihaiemil.eoyaml.ReadYamlStream,org.pitest.mutationtest.engine.gregor.mutators.returns.BooleanTrueReturnValsMutator,lambda$new$1,62,KILLED,com.amihaiemil.eoyaml.ReadYamlStreamTest.worksWithOnlyStartMarkers(com.amihaiemil.eoyaml.ReadYamlStreamTest)
ReadYamlStream.java,com.amihaiemil.eoyaml.ReadYamlStream,org.pitest.mutationtest.engine.gregor.mutators.returns.BooleanFalseReturnValsMutator,lambda$new$2,68,SURVIVED,none
ReadYamlStream.java,com.amihaiemil.eoyaml.ReadYamlStream,org.pitest.mutationtest.engine.gregor.mutators.returns.BooleanTrueReturnValsMutator,lambda$new$2,68,KILLED,com.amihaiemil.eoyaml.ReadYamlStreamTest.worksWithOnlyStartMarkers(com.amihaiemil.eoyaml.ReadYamlStreamTest)
ReadYamlStream.java,com.amihaiemil.eoyaml.ReadYamlStream,org.pitest.mutationtest.engine.gregor.mutators.ConditionalsBoundaryMutator,lambda$readDocument$3,96,KILLED,com.amihaiemil.eoyaml.ReadYamlStreamTest.shouldPrintTheFirstNodeOrDocumentCommentOnce(com.amihaiemil.eoyaml.ReadYamlStreamTest)
ReadYamlStream.java,com.amihaiemil.eoyaml.ReadYamlStream,org.pitest.mutationtest.engine.gregor.mutators.RemoveConditionalMutator_ORDER_ELSE,lambda$readDocument$3,96,KILLED,com.amihaiemil.eoyaml.ReadYamlStreamTest.shouldPrintTheFirstNodeOrDocumentCommentOnce(com.amihaiemil.eoyaml.ReadYamlStreamTest)
ReadYamlStream.java,com.amihaiemil.eoyaml.ReadYamlStream,org.pitest.mutationtest.engine.gregor.mutators.RemoveConditionalMutator_ORDER_IF,lambda$readDocument$3,96,KILLED,com.amihaiemil.eoyaml.ReadYamlStreamTest.shouldPrintTheFirstNodeOrDocumentCommentOnce(com.amihaiemil.eoyaml.ReadYamlStreamTest)
ReadYamlStream.java,com.amihaiemil.eoyaml.ReadYamlStream,org.pitest.mutationtest.engine.gregor.mutators.returns.BooleanTrueReturnValsMutator,lambda$readDocument$3,96,KILLED,com.amihaiemil.eoyaml.ReadYamlStreamTest.shouldPrintTheFirstNodeOrDocumentCommentOnce(com.amihaiemil.eoyaml.ReadYamlStreamTest)
ReadYamlStream.java,com.amihaiemil.eoyaml.ReadYamlStream,org.pitest.mutationtest.engine.gregor.mutators.ConditionalsBoundaryMutator,readDocument,104,KILLED,com.amihaiemil.eoyaml.ReadYamlStreamTest.worksWithOnlyStartMarkers(com.amihaiemil.eoyaml.ReadYamlStreamTest)
ReadYamlStream.java,com.amihaiemil.eoyaml.ReadYamlStream,org.pitest.mutationtest.engine.gregor.mutators.RemoveConditionalMutator_EQUAL_ELSE,readDocument,106,KILLED,com.amihaiemil.eoyaml.ReadYamlStreamTest.worksWithOnlyStartMarkers(com.amihaiemil.eoyaml.ReadYamlStreamTest)
ReadYamlStream.java,com.amihaiemil.eoyaml.ReadYamlStream,org.pitest.mutationtest.engine.gregor.mutators.RemoveConditionalMutator_EQUAL_ELSE,readDocument,106,KILLED,com.amihaiemil.eoyaml.ReadYamlStreamTest.worksWithEmptyStream(com.amihaiemil.eoyaml.ReadYamlStreamTest)
ReadYamlStream.java,com.amihaiemil.eoyaml.ReadYamlStream,org.pitest.mutationtest.engine.gregor.mutators.RemoveConditionalMutator_EQUAL_IF,readDocument,106,SURVIVED,none
ReadYamlStream.java,com.amihaiemil.eoyaml.ReadYamlStream,org.pitest.mutationtest.engine.gregor.mutators.RemoveConditionalMutator_EQUAL_IF,readDocument,106,KILLED,com.amihaiemil.eoyaml.ReadYamlStreamTest.worksWithOnlyStartMarkers(com.amihaiemil.eoyaml.ReadYamlStreamTest)
ReadYamlStream.java,com.amihaiemil.eoyaml.ReadYamlStream,org.pitest.mutationtest.engine.gregor.mutators.RemoveConditionalMutator_ORDER_ELSE,readDocument,104,KILLED,com.amihaiemil.eoyaml.ReadYamlStreamTest.worksWithOnlyStartMarkers(com.amihaiemil.eoyaml.ReadYamlStreamTest)
ReadYamlStream.java,com.amihaiemil.eoyaml.ReadYamlStream,org.pitest.mutationtest.engine.gregor.mutators.RemoveConditionalMutator_ORDER_IF,readDocument,104,KILLED,com.amihaiemil.eoyaml.ReadYamlStreamTest.worksWithOnlyStartMarkers(com.amihaiemil.eoyaml.ReadYamlStreamTest)
ReadYamlStream.java,com.amihaiemil.eoyaml.ReadYamlStream,org.pitest.mutationtest.engine.gregor.mutators.returns.NullReturnValsMutator,readDocument,113,KILLED,com.amihaiemil.eoyaml.ReadYamlStreamTest.worksWithEmptyStream(com.amihaiemil.eoyaml.ReadYamlStreamTest)
ReadYamlStream.java,com.amihaiemil.eoyaml.ReadYamlStream,org.pitest.mutationtest.engine.gregor.mutators.RemoveConditionalMutator_EQUAL_ELSE,values,77,KILLED,com.amihaiemil.eoyaml.ReadYamlStreamTest.worksWithOnlyStartMarkers(com.amihaiemil.eoyaml.ReadYamlStreamTest)
ReadYamlStream.java,com.amihaiemil.eoyaml.ReadYamlStream,org.pitest.mutationtest.engine.gregor.mutators.RemoveConditionalMutator_EQUAL_IF,values,77,KILLED,com.amihaiemil.eoyaml.ReadYamlStreamTest.worksWithEmptyStream(com.amihaiemil.eoyaml.ReadYamlStreamTest)
ReadYamlStream.java,com.amihaiemil.eoyaml.ReadYamlStream,org.pitest.mutationtest.engine.gregor.mutators.returns.EmptyObjectReturnValsMutator,values,83,KILLED,com.amihaiemil.eoyaml.ReadYamlStreamTest.worksWithOnlyStartMarkers(com.amihaiemil.eoyaml.ReadYamlStreamTest)
