IntSquareMatrix.java,org.xmlcml.euclid.IntSquareMatrix,org.pitest.mutationtest.engine.gregor.mutators.RemoveConditionalMutator_EQUAL_ELSE,<init>,169,SURVIVED,none
IntSquareMatrix.java,org.xmlcml.euclid.IntSquareMatrix,org.pitest.mutationtest.engine.gregor.mutators.RemoveConditionalMutator_EQUAL_IF,<init>,169,KILLED,org.xmlcml.euclid.test.IntSquareMatrixTest.testIntSquareMatrixIntMatrix(org.xmlcml.euclid.test.IntSquareMatrixTest)
IntSquareMatrix.java,org.xmlcml.euclid.IntSquareMatrix,org.pitest.mutationtest.engine.gregor.mutators.MathMutator,<init>,145,KILLED,org.xmlcml.euclid.test.IntSquareMatrixTest.testIntSquareMatrixIntMatrixIntIntInt(org.xmlcml.euclid.test.IntSquareMatrixTest)
IntSquareMatrix.java,org.xmlcml.euclid.IntSquareMatrix,org.pitest.mutationtest.engine.gregor.mutators.MathMutator,<init>,145,KILLED,org.xmlcml.euclid.test.IntSquareMatrixTest.testIntSquareMatrixIntMatrixIntIntInt(org.xmlcml.euclid.test.IntSquareMatrixTest)
IntSquareMatrix.java,org.xmlcml.euclid.IntSquareMatrix,org.pitest.mutationtest.engine.gregor.mutators.MathMutator,<init>,145,KILLED,org.xmlcml.euclid.test.IntSquareMatrixTest.testIntSquareMatrixIntMatrixIntIntInt(org.xmlcml.euclid.test.IntSquareMatrixTest)
IntSquareMatrix.java,org.xmlcml.euclid.IntSquareMatrix,org.pitest.mutationtest.engine.gregor.mutators.MathMutator,<init>,145,KILLED,org.xmlcml.euclid.test.IntSquareMatrixTest.testIntSquareMatrixIntMatrixIntIntInt(org.xmlcml.euclid.test.IntSquareMatrixTest)
IntSquareMatrix.java,org.xmlcml.euclid.IntSquareMatrix,org.pitest.mutationtest.engine.gregor.mutators.RemoveConditionalMutator_EQUAL_ELSE,<init>,187,SURVIVED,none
IntSquareMatrix.java,org.xmlcml.euclid.IntSquareMatrix,org.pitest.mutationtest.engine.gregor.mutators.RemoveConditionalMutator_EQUAL_IF,<init>,187,KILLED,org.xmlcml.euclid.test.IntSquareMatrixTest.testIntSquareMatrixIntegerArrayArray(org.xmlcml.euclid.test.IntSquareMatrixTest)
IntSquareMatrix.java,org.xmlcml.euclid.IntSquareMatrix,org.pitest.mutationtest.engine.gregor.mutators.ConditionalsBoundaryMutator,copyLowerToUpper,350,SURVIVED,none
IntSquareMatrix.java,org.xmlcml.euclid.IntSquareMatrix,org.pitest.mutationtest.engine.gregor.mutators.ConditionalsBoundaryMutator,copyLowerToUpper,351,KILLED,org.xmlcml.euclid.test.IntSquareMatrixTest.testCopyLowerToUpper(org.xmlcml.euclid.test.IntSquareMatrixTest)
IntSquareMatrix.java,org.xmlcml.euclid.IntSquareMatrix,org.pitest.mutationtest.engine.gregor.mutators.MathMutator,copyLowerToUpper,350,SURVIVED,none
IntSquareMatrix.java,org.xmlcml.euclid.IntSquareMatrix,org.pitest.mutationtest.engine.gregor.mutators.MathMutator,copyLowerToUpper,351,KILLED,org.xmlcml.euclid.test.IntSquareMatrixTest.testCopyLowerToUpper(org.xmlcml.euclid.test.IntSquareMatrixTest)
IntSquareMatrix.java,org.xmlcml.euclid.IntSquareMatrix,org.pitest.mutationtest.engine.gregor.mutators.RemoveConditionalMutator_ORDER_ELSE,copyLowerToUpper,350,KILLED,org.xmlcml.euclid.test.IntSquareMatrixTest.testCopyLowerToUpper(org.xmlcml.euclid.test.IntSquareMatrixTest)
IntSquareMatrix.java,org.xmlcml.euclid.IntSquareMatrix,org.pitest.mutationtest.engine.gregor.mutators.RemoveConditionalMutator_ORDER_ELSE,copyLowerToUpper,351,KILLED,org.xmlcml.euclid.test.IntSquareMatrixTest.testCopyLowerToUpper(org.xmlcml.euclid.test.IntSquareMatrixTest)
IntSquareMatrix.java,org.xmlcml.euclid.IntSquareMatrix,org.pitest.mutationtest.engine.gregor.mutators.RemoveConditionalMutator_ORDER_IF,copyLowerToUpper,350,KILLED,org.xmlcml.euclid.test.IntSquareMatrixTest.testCopyLowerToUpper(org.xmlcml.euclid.test.IntSquareMatrixTest)
IntSquareMatrix.java,org.xmlcml.euclid.IntSquareMatrix,org.pitest.mutationtest.engine.gregor.mutators.RemoveConditionalMutator_ORDER_IF,copyLowerToUpper,351,KILLED,org.xmlcml.euclid.test.IntSquareMatrixTest.testCopyLowerToUpper(org.xmlcml.euclid.test.IntSquareMatrixTest)
IntSquareMatrix.java,org.xmlcml.euclid.IntSquareMatrix,org.pitest.mutationtest.engine.gregor.mutators.returns.NullReturnValsMutator,copyLowerToUpper,355,SURVIVED,none
IntSquareMatrix.java,org.xmlcml.euclid.IntSquareMatrix,org.pitest.mutationtest.engine.gregor.mutators.ConditionalsBoundaryMutator,copyUpperToLower,337,SURVIVED,none
IntSquareMatrix.java,org.xmlcml.euclid.IntSquareMatrix,org.pitest.mutationtest.engine.gregor.mutators.ConditionalsBoundaryMutator,copyUpperToLower,338,KILLED,org.xmlcml.euclid.test.IntSquareMatrixTest.testCopyUpperToLower(org.xmlcml.euclid.test.IntSquareMatrixTest)
IntSquareMatrix.java,org.xmlcml.euclid.IntSquareMatrix,org.pitest.mutationtest.engine.gregor.mutators.MathMutator,copyUpperToLower,337,SURVIVED,none
IntSquareMatrix.java,org.xmlcml.euclid.IntSquareMatrix,org.pitest.mutationtest.engine.gregor.mutators.MathMutator,copyUpperToLower,338,KILLED,org.xmlcml.euclid.test.IntSquareMatrixTest.testCopyUpperToLower(org.xmlcml.euclid.test.IntSquareMatrixTest)
IntSquareMatrix.java,org.xmlcml.euclid.IntSquareMatrix,org.pitest.mutationtest.engine.gregor.mutators.RemoveConditionalMutator_ORDER_ELSE,copyUpperToLower,337,KILLED,org.xmlcml.euclid.test.IntSquareMatrixTest.testCopyUpperToLower(org.xmlcml.euclid.test.IntSquareMatrixTest)
IntSquareMatrix.java,org.xmlcml.euclid.IntSquareMatrix,org.pitest.mutationtest.engine.gregor.mutators.RemoveConditionalMutator_ORDER_ELSE,copyUpperToLower,338,KILLED,org.xmlcml.euclid.test.IntSquareMatrixTest.testCopyUpperToLower(org.xmlcml.euclid.test.IntSquareMatrixTest)
IntSquareMatrix.java,org.xmlcml.euclid.IntSquareMatrix,org.pitest.mutationtest.engine.gregor.mutators.RemoveConditionalMutator_ORDER_IF,copyUpperToLower,337,KILLED,org.xmlcml.euclid.test.IntSquareMatrixTest.testCopyUpperToLower(org.xmlcml.euclid.test.IntSquareMatrixTest)
IntSquareMatrix.java,org.xmlcml.euclid.IntSquareMatrix,org.pitest.mutationtest.engine.gregor.mutators.RemoveConditionalMutator_ORDER_IF,copyUpperToLower,338,KILLED,org.xmlcml.euclid.test.IntSquareMatrixTest.testCopyUpperToLower(org.xmlcml.euclid.test.IntSquareMatrixTest)
IntSquareMatrix.java,org.xmlcml.euclid.IntSquareMatrix,org.pitest.mutationtest.engine.gregor.mutators.returns.NullReturnValsMutator,copyUpperToLower,342,SURVIVED,none
IntSquareMatrix.java,org.xmlcml.euclid.IntSquareMatrix,org.pitest.mutationtest.engine.gregor.mutators.ConditionalsBoundaryMutator,diagonal,100,KILLED,org.xmlcml.euclid.test.IntSquareMatrixTest.testDiagonal(org.xmlcml.euclid.test.IntSquareMatrixTest)
IntSquareMatrix.java,org.xmlcml.euclid.IntSquareMatrix,org.pitest.mutationtest.engine.gregor.mutators.RemoveConditionalMutator_ORDER_ELSE,diagonal,100,KILLED,org.xmlcml.euclid.test.IntSquareMatrixTest.testDiagonal(org.xmlcml.euclid.test.IntSquareMatrixTest)
IntSquareMatrix.java,org.xmlcml.euclid.IntSquareMatrix,org.pitest.mutationtest.engine.gregor.mutators.RemoveConditionalMutator_ORDER_IF,diagonal,100,KILLED,org.xmlcml.euclid.test.IntSquareMatrixTest.testDiagonal(org.xmlcml.euclid.test.IntSquareMatrixTest)
IntSquareMatrix.java,org.xmlcml.euclid.IntSquareMatrix,org.pitest.mutationtest.engine.gregor.mutators.returns.NullReturnValsMutator,diagonal,103,KILLED,org.xmlcml.euclid.test.IntSquareMatrixTest.testDiagonal(org.xmlcml.euclid.test.IntSquareMatrixTest)
IntSquareMatrix.java,org.xmlcml.euclid.IntSquareMatrix,org.pitest.mutationtest.engine.gregor.mutators.returns.BooleanFalseReturnValsMutator,isEqualTo,211,KILLED,org.xmlcml.euclid.test.IntSquareMatrixTest.testIsEqualToIntSquareMatrix(org.xmlcml.euclid.test.IntSquareMatrixTest)
IntSquareMatrix.java,org.xmlcml.euclid.IntSquareMatrix,org.pitest.mutationtest.engine.gregor.mutators.returns.BooleanTrueReturnValsMutator,isEqualTo,211,SURVIVED,none
IntSquareMatrix.java,org.xmlcml.euclid.IntSquareMatrix,org.pitest.mutationtest.engine.gregor.mutators.ConditionalsBoundaryMutator,isLowerTriangular,323,SURVIVED,none
IntSquareMatrix.java,org.xmlcml.euclid.IntSquareMatrix,org.pitest.mutationtest.engine.gregor.mutators.ConditionalsBoundaryMutator,isLowerTriangular,324,KILLED,org.xmlcml.euclid.test.IntSquareMatrixTest.testIsLowerTriangular(org.xmlcml.euclid.test.IntSquareMatrixTest)
IntSquareMatrix.java,org.xmlcml.euclid.IntSquareMatrix,org.pitest.mutationtest.engine.gregor.mutators.MathMutator,isLowerTriangular,323,SURVIVED,none
IntSquareMatrix.java,org.xmlcml.euclid.IntSquareMatrix,org.pitest.mutationtest.engine.gregor.mutators.MathMutator,isLowerTriangular,324,KILLED,org.xmlcml.euclid.test.IntSquareMatrixTest.testIsLowerTriangular(org.xmlcml.euclid.test.IntSquareMatrixTest)
IntSquareMatrix.java,org.xmlcml.euclid.IntSquareMatrix,org.pitest.mutationtest.engine.gregor.mutators.RemoveConditionalMutator_EQUAL_ELSE,isLowerTriangular,325,KILLED,org.xmlcml.euclid.test.IntSquareMatrixTest.testIsLowerTriangular(org.xmlcml.euclid.test.IntSquareMatrixTest)
IntSquareMatrix.java,org.xmlcml.euclid.IntSquareMatrix,org.pitest.mutationtest.engine.gregor.mutators.RemoveConditionalMutator_EQUAL_IF,isLowerTriangular,325,KILLED,org.xmlcml.euclid.test.IntSquareMatrixTest.testIsLowerTriangular(org.xmlcml.euclid.test.IntSquareMatrixTest)
IntSquareMatrix.java,org.xmlcml.euclid.IntSquareMatrix,org.pitest.mutationtest.engine.gregor.mutators.RemoveConditionalMutator_ORDER_ELSE,isLowerTriangular,323,KILLED,org.xmlcml.euclid.test.IntSquareMatrixTest.testIsLowerTriangular(org.xmlcml.euclid.test.IntSquareMatrixTest)
IntSquareMatrix.java,org.xmlcml.euclid.IntSquareMatrix,org.pitest.mutationtest.engine.gregor.mutators.RemoveConditionalMutator_ORDER_ELSE,isLowerTriangular,324,KILLED,org.xmlcml.euclid.test.IntSquareMatrixTest.testIsLowerTriangular(org.xmlcml.euclid.test.IntSquareMatrixTest)
IntSquareMatrix.java,org.xmlcml.euclid.IntSquareMatrix,org.pitest.mutationtest.engine.gregor.mutators.RemoveConditionalMutator_ORDER_IF,isLowerTriangular,323,KILLED,org.xmlcml.euclid.test.IntSquareMatrixTest.testIsLowerTriangular(org.xmlcml.euclid.test.IntSquareMatrixTest)
IntSquareMatrix.java,org.xmlcml.euclid.IntSquareMatrix,org.pitest.mutationtest.engine.gregor.mutators.RemoveConditionalMutator_ORDER_IF,isLowerTriangular,324,KILLED,org.xmlcml.euclid.test.IntSquareMatrixTest.testIsLowerTriangular(org.xmlcml.euclid.test.IntSquareMatrixTest)
IntSquareMatrix.java,org.xmlcml.euclid.IntSquareMatrix,org.pitest.mutationtest.engine.gregor.mutators.returns.BooleanFalseReturnValsMutator,isLowerTriangular,329,KILLED,org.xmlcml.euclid.test.IntSquareMatrixTest.testIsLowerTriangular(org.xmlcml.euclid.test.IntSquareMatrixTest)
IntSquareMatrix.java,org.xmlcml.euclid.IntSquareMatrix,org.pitest.mutationtest.engine.gregor.mutators.returns.BooleanTrueReturnValsMutator,isLowerTriangular,326,KILLED,org.xmlcml.euclid.test.IntSquareMatrixTest.testIsLowerTriangular(org.xmlcml.euclid.test.IntSquareMatrixTest)
IntSquareMatrix.java,org.xmlcml.euclid.IntSquareMatrix,org.pitest.mutationtest.engine.gregor.mutators.ConditionalsBoundaryMutator,isSymmetric,294,SURVIVED,none
IntSquareMatrix.java,org.xmlcml.euclid.IntSquareMatrix,org.pitest.mutationtest.engine.gregor.mutators.ConditionalsBoundaryMutator,isSymmetric,295,KILLED,org.xmlcml.euclid.test.IntSquareMatrixTest.testIsSymmetric(org.xmlcml.euclid.test.IntSquareMatrixTest)
IntSquareMatrix.java,org.xmlcml.euclid.IntSquareMatrix,org.pitest.mutationtest.engine.gregor.mutators.MathMutator,isSymmetric,294,SURVIVED,none
IntSquareMatrix.java,org.xmlcml.euclid.IntSquareMatrix,org.pitest.mutationtest.engine.gregor.mutators.MathMutator,isSymmetric,295,KILLED,org.xmlcml.euclid.test.IntSquareMatrixTest.testIsSymmetric(org.xmlcml.euclid.test.IntSquareMatrixTest)
IntSquareMatrix.java,org.xmlcml.euclid.IntSquareMatrix,org.pitest.mutationtest.engine.gregor.mutators.RemoveConditionalMutator_EQUAL_ELSE,isSymmetric,296,KILLED,org.xmlcml.euclid.test.IntSquareMatrixTest.testIsSymmetric(org.xmlcml.euclid.test.IntSquareMatrixTest)
IntSquareMatrix.java,org.xmlcml.euclid.IntSquareMatrix,org.pitest.mutationtest.engine.gregor.mutators.RemoveConditionalMutator_EQUAL_IF,isSymmetric,296,KILLED,org.xmlcml.euclid.test.IntSquareMatrixTest.testIsSymmetric(org.xmlcml.euclid.test.IntSquareMatrixTest)
IntSquareMatrix.java,org.xmlcml.euclid.IntSquareMatrix,org.pitest.mutationtest.engine.gregor.mutators.RemoveConditionalMutator_ORDER_ELSE,isSymmetric,294,KILLED,org.xmlcml.euclid.test.IntSquareMatrixTest.testIsSymmetric(org.xmlcml.euclid.test.IntSquareMatrixTest)
IntSquareMatrix.java,org.xmlcml.euclid.IntSquareMatrix,org.pitest.mutationtest.engine.gregor.mutators.RemoveConditionalMutator_ORDER_ELSE,isSymmetric,295,KILLED,org.xmlcml.euclid.test.IntSquareMatrixTest.testIsSymmetric(org.xmlcml.euclid.test.IntSquareMatrixTest)
IntSquareMatrix.java,org.xmlcml.euclid.IntSquareMatrix,org.pitest.mutationtest.engine.gregor.mutators.RemoveConditionalMutator_ORDER_IF,isSymmetric,294,KILLED,org.xmlcml.euclid.test.IntSquareMatrixTest.testIsSymmetric(org.xmlcml.euclid.test.IntSquareMatrixTest)
IntSquareMatrix.java,org.xmlcml.euclid.IntSquareMatrix,org.pitest.mutationtest.engine.gregor.mutators.RemoveConditionalMutator_ORDER_IF,isSymmetric,295,KILLED,org.xmlcml.euclid.test.IntSquareMatrixTest.testIsSymmetric(org.xmlcml.euclid.test.IntSquareMatrixTest)
IntSquareMatrix.java,org.xmlcml.euclid.IntSquareMatrix,org.pitest.mutationtest.engine.gregor.mutators.returns.BooleanFalseReturnValsMutator,isSymmetric,301,KILLED,org.xmlcml.euclid.test.IntSquareMatrixTest.testIsSymmetric(org.xmlcml.euclid.test.IntSquareMatrixTest)
IntSquareMatrix.java,org.xmlcml.euclid.IntSquareMatrix,org.pitest.mutationtest.engine.gregor.mutators.returns.BooleanTrueReturnValsMutator,isSymmetric,297,KILLED,org.xmlcml.euclid.test.IntSquareMatrixTest.testIsSymmetric(org.xmlcml.euclid.test.IntSquareMatrixTest)
IntSquareMatrix.java,org.xmlcml.euclid.IntSquareMatrix,org.pitest.mutationtest.engine.gregor.mutators.ConditionalsBoundaryMutator,isUnit,278,KILLED,org.xmlcml.euclid.test.IntSquareMatrixTest.testIsUnit(org.xmlcml.euclid.test.IntSquareMatrixTest)
IntSquareMatrix.java,org.xmlcml.euclid.IntSquareMatrix,org.pitest.mutationtest.engine.gregor.mutators.ConditionalsBoundaryMutator,isUnit,279,KILLED,org.xmlcml.euclid.test.IntSquareMatrixTest.testIsUnit(org.xmlcml.euclid.test.IntSquareMatrixTest)
IntSquareMatrix.java,org.xmlcml.euclid.IntSquareMatrix,org.pitest.mutationtest.engine.gregor.mutators.RemoveConditionalMutator_EQUAL_ELSE,isUnit,281,SURVIVED,none
IntSquareMatrix.java,org.xmlcml.euclid.IntSquareMatrix,org.pitest.mutationtest.engine.gregor.mutators.RemoveConditionalMutator_EQUAL_ELSE,isUnit,281,KILLED,org.xmlcml.euclid.test.IntSquareMatrixTest.testIsUnit(org.xmlcml.euclid.test.IntSquareMatrixTest)
IntSquareMatrix.java,org.xmlcml.euclid.IntSquareMatrix,org.pitest.mutationtest.engine.gregor.mutators.RemoveConditionalMutator_EQUAL_ELSE,isUnit,281,SURVIVED,none
IntSquareMatrix.java,org.xmlcml.euclid.IntSquareMatrix,org.pitest.mutationtest.engine.gregor.mutators.RemoveConditionalMutator_EQUAL_ELSE,isUnit,281,SURVIVED,none
IntSquareMatrix.java,org.xmlcml.euclid.IntSquareMatrix,org.pitest.mutationtest.engine.gregor.mutators.RemoveConditionalMutator_EQUAL_IF,isUnit,281,KILLED,org.xmlcml.euclid.test.IntSquareMatrixTest.testIsUnit(org.xmlcml.euclid.test.IntSquareMatrixTest)
IntSquareMatrix.java,org.xmlcml.euclid.IntSquareMatrix,org.pitest.mutationtest.engine.gregor.mutators.RemoveConditionalMutator_EQUAL_IF,isUnit,281,SURVIVED,none
IntSquareMatrix.java,org.xmlcml.euclid.IntSquareMatrix,org.pitest.mutationtest.engine.gregor.mutators.RemoveConditionalMutator_EQUAL_IF,isUnit,281,KILLED,org.xmlcml.euclid.test.IntSquareMatrixTest.testIsUnit(org.xmlcml.euclid.test.IntSquareMatrixTest)
IntSquareMatrix.java,org.xmlcml.euclid.IntSquareMatrix,org.pitest.mutationtest.engine.gregor.mutators.RemoveConditionalMutator_EQUAL_IF,isUnit,281,KILLED,org.xmlcml.euclid.test.IntSquareMatrixTest.testIsUnit(org.xmlcml.euclid.test.IntSquareMatrixTest)
IntSquareMatrix.java,org.xmlcml.euclid.IntSquareMatrix,org.pitest.mutationtest.engine.gregor.mutators.RemoveConditionalMutator_ORDER_ELSE,isUnit,278,KILLED,org.xmlcml.euclid.test.IntSquareMatrixTest.testIsUnit(org.xmlcml.euclid.test.IntSquareMatrixTest)
IntSquareMatrix.java,org.xmlcml.euclid.IntSquareMatrix,org.pitest.mutationtest.engine.gregor.mutators.RemoveConditionalMutator_ORDER_ELSE,isUnit,279,KILLED,org.xmlcml.euclid.test.IntSquareMatrixTest.testIsUnit(org.xmlcml.euclid.test.IntSquareMatrixTest)
IntSquareMatrix.java,org.xmlcml.euclid.IntSquareMatrix,org.pitest.mutationtest.engine.gregor.mutators.RemoveConditionalMutator_ORDER_IF,isUnit,278,KILLED,org.xmlcml.euclid.test.IntSquareMatrixTest.testIsUnit(org.xmlcml.euclid.test.IntSquareMatrixTest)
IntSquareMatrix.java,org.xmlcml.euclid.IntSquareMatrix,org.pitest.mutationtest.engine.gregor.mutators.RemoveConditionalMutator_ORDER_IF,isUnit,279,KILLED,org.xmlcml.euclid.test.IntSquareMatrixTest.testIsUnit(org.xmlcml.euclid.test.IntSquareMatrixTest)
IntSquareMatrix.java,org.xmlcml.euclid.IntSquareMatrix,org.pitest.mutationtest.engine.gregor.mutators.returns.BooleanFalseReturnValsMutator,isUnit,286,KILLED,org.xmlcml.euclid.test.IntSquareMatrixTest.testIsUnit(org.xmlcml.euclid.test.IntSquareMatrixTest)
IntSquareMatrix.java,org.xmlcml.euclid.IntSquareMatrix,org.pitest.mutationtest.engine.gregor.mutators.returns.BooleanTrueReturnValsMutator,isUnit,282,KILLED,org.xmlcml.euclid.test.IntSquareMatrixTest.testIsUnit(org.xmlcml.euclid.test.IntSquareMatrixTest)
IntSquareMatrix.java,org.xmlcml.euclid.IntSquareMatrix,org.pitest.mutationtest.engine.gregor.mutators.ConditionalsBoundaryMutator,isUpperTriangular,309,KILLED,org.xmlcml.euclid.test.IntSquareMatrixTest.testIsUpperTriangular(org.xmlcml.euclid.test.IntSquareMatrixTest)
IntSquareMatrix.java,org.xmlcml.euclid.IntSquareMatrix,org.pitest.mutationtest.engine.gregor.mutators.ConditionalsBoundaryMutator,isUpperTriangular,310,KILLED,org.xmlcml.euclid.test.IntSquareMatrixTest.testIsUpperTriangular(org.xmlcml.euclid.test.IntSquareMatrixTest)
IntSquareMatrix.java,org.xmlcml.euclid.IntSquareMatrix,org.pitest.mutationtest.engine.gregor.mutators.RemoveConditionalMutator_EQUAL_ELSE,isUpperTriangular,311,KILLED,org.xmlcml.euclid.test.IntSquareMatrixTest.testIsUpperTriangular(org.xmlcml.euclid.test.IntSquareMatrixTest)
IntSquareMatrix.java,org.xmlcml.euclid.IntSquareMatrix,org.pitest.mutationtest.engine.gregor.mutators.RemoveConditionalMutator_EQUAL_IF,isUpperTriangular,311,KILLED,org.xmlcml.euclid.test.IntSquareMatrixTest.testIsUpperTriangular(org.xmlcml.euclid.test.IntSquareMatrixTest)
IntSquareMatrix.java,org.xmlcml.euclid.IntSquareMatrix,org.pitest.mutationtest.engine.gregor.mutators.RemoveConditionalMutator_ORDER_ELSE,isUpperTriangular,309,KILLED,org.xmlcml.euclid.test.IntSquareMatrixTest.testIsUpperTriangular(org.xmlcml.euclid.test.IntSquareMatrixTest)
IntSquareMatrix.java,org.xmlcml.euclid.IntSquareMatrix,org.pitest.mutationtest.engine.gregor.mutators.RemoveConditionalMutator_ORDER_ELSE,isUpperTriangular,310,KILLED,org.xmlcml.euclid.test.IntSquareMatrixTest.testIsUpperTriangular(org.xmlcml.euclid.test.IntSquareMatrixTest)
IntSquareMatrix.java,org.xmlcml.euclid.IntSquareMatrix,org.pitest.mutationtest.engine.gregor.mutators.RemoveConditionalMutator_ORDER_IF,isUpperTriangular,309,KILLED,org.xmlcml.euclid.test.IntSquareMatrixTest.testIsUpperTriangular(org.xmlcml.euclid.test.IntSquareMatrixTest)
IntSquareMatrix.java,org.xmlcml.euclid.IntSquareMatrix,org.pitest.mutationtest.engine.gregor.mutators.RemoveConditionalMutator_ORDER_IF,isUpperTriangular,310,KILLED,org.xmlcml.euclid.test.IntSquareMatrixTest.testIsUpperTriangular(org.xmlcml.euclid.test.IntSquareMatrixTest)
IntSquareMatrix.java,org.xmlcml.euclid.IntSquareMatrix,org.pitest.mutationtest.engine.gregor.mutators.returns.BooleanFalseReturnValsMutator,isUpperTriangular,315,KILLED,org.xmlcml.euclid.test.IntSquareMatrixTest.testIsUpperTriangular(org.xmlcml.euclid.test.IntSquareMatrixTest)
IntSquareMatrix.java,org.xmlcml.euclid.IntSquareMatrix,org.pitest.mutationtest.engine.gregor.mutators.returns.BooleanTrueReturnValsMutator,isUpperTriangular,312,KILLED,org.xmlcml.euclid.test.IntSquareMatrixTest.testIsUpperTriangular(org.xmlcml.euclid.test.IntSquareMatrixTest)
IntSquareMatrix.java,org.xmlcml.euclid.IntSquareMatrix,org.pitest.mutationtest.engine.gregor.mutators.ConditionalsBoundaryMutator,lowerTriangle,366,KILLED,org.xmlcml.euclid.test.IntSquareMatrixTest.testLowerTriangle(org.xmlcml.euclid.test.IntSquareMatrixTest)
IntSquareMatrix.java,org.xmlcml.euclid.IntSquareMatrix,org.pitest.mutationtest.engine.gregor.mutators.ConditionalsBoundaryMutator,lowerTriangle,367,KILLED,org.xmlcml.euclid.test.IntSquareMatrixTest.testLowerTriangle(org.xmlcml.euclid.test.IntSquareMatrixTest)
IntSquareMatrix.java,org.xmlcml.euclid.IntSquareMatrix,org.pitest.mutationtest.engine.gregor.mutators.IncrementsMutator,lowerTriangle,368,KILLED,org.xmlcml.euclid.test.IntSquareMatrixTest.testLowerTriangle(org.xmlcml.euclid.test.IntSquareMatrixTest)
IntSquareMatrix.java,org.xmlcml.euclid.IntSquareMatrix,org.pitest.mutationtest.engine.gregor.mutators.MathMutator,lowerTriangle,364,KILLED,org.xmlcml.euclid.test.IntSquareMatrixTest.testLowerTriangle(org.xmlcml.euclid.test.IntSquareMatrixTest)
IntSquareMatrix.java,org.xmlcml.euclid.IntSquareMatrix,org.pitest.mutationtest.engine.gregor.mutators.MathMutator,lowerTriangle,364,KILLED,org.xmlcml.euclid.test.IntSquareMatrixTest.testLowerTriangle(org.xmlcml.euclid.test.IntSquareMatrixTest)
IntSquareMatrix.java,org.xmlcml.euclid.IntSquareMatrix,org.pitest.mutationtest.engine.gregor.mutators.MathMutator,lowerTriangle,364,KILLED,org.xmlcml.euclid.test.IntSquareMatrixTest.testLowerTriangle(org.xmlcml.euclid.test.IntSquareMatrixTest)
IntSquareMatrix.java,org.xmlcml.euclid.IntSquareMatrix,org.pitest.mutationtest.engine.gregor.mutators.RemoveConditionalMutator_ORDER_ELSE,lowerTriangle,366,KILLED,org.xmlcml.euclid.test.IntSquareMatrixTest.testLowerTriangle(org.xmlcml.euclid.test.IntSquareMatrixTest)
IntSquareMatrix.java,org.xmlcml.euclid.IntSquareMatrix,org.pitest.mutationtest.engine.gregor.mutators.RemoveConditionalMutator_ORDER_ELSE,lowerTriangle,367,KILLED,org.xmlcml.euclid.test.IntSquareMatrixTest.testLowerTriangle(org.xmlcml.euclid.test.IntSquareMatrixTest)
IntSquareMatrix.java,org.xmlcml.euclid.IntSquareMatrix,org.pitest.mutationtest.engine.gregor.mutators.RemoveConditionalMutator_ORDER_IF,lowerTriangle,366,KILLED,org.xmlcml.euclid.test.IntSquareMatrixTest.testLowerTriangle(org.xmlcml.euclid.test.IntSquareMatrixTest)
IntSquareMatrix.java,org.xmlcml.euclid.IntSquareMatrix,org.pitest.mutationtest.engine.gregor.mutators.RemoveConditionalMutator_ORDER_IF,lowerTriangle,367,KILLED,org.xmlcml.euclid.test.IntSquareMatrixTest.testLowerTriangle(org.xmlcml.euclid.test.IntSquareMatrixTest)
IntSquareMatrix.java,org.xmlcml.euclid.IntSquareMatrix,org.pitest.mutationtest.engine.gregor.mutators.VoidMethodCallMutator,lowerTriangle,368,KILLED,org.xmlcml.euclid.test.IntSquareMatrixTest.testLowerTriangle(org.xmlcml.euclid.test.IntSquareMatrixTest)
IntSquareMatrix.java,org.xmlcml.euclid.IntSquareMatrix,org.pitest.mutationtest.engine.gregor.mutators.returns.NullReturnValsMutator,lowerTriangle,371,KILLED,org.xmlcml.euclid.test.IntSquareMatrixTest.testLowerTriangle(org.xmlcml.euclid.test.IntSquareMatrixTest)
IntSquareMatrix.java,org.xmlcml.euclid.IntSquareMatrix,org.pitest.mutationtest.engine.gregor.mutators.returns.NullReturnValsMutator,multiply,258,KILLED,org.xmlcml.euclid.test.IntSquareMatrixTest.testMultiplyIntSquareMatrix(org.xmlcml.euclid.test.IntSquareMatrixTest)
IntSquareMatrix.java,org.xmlcml.euclid.IntSquareMatrix,org.pitest.mutationtest.engine.gregor.mutators.ConditionalsBoundaryMutator,outerProduct,83,KILLED,org.xmlcml.euclid.test.IntSquareMatrixTest.testOuterProduct(org.xmlcml.euclid.test.IntSquareMatrixTest)
IntSquareMatrix.java,org.xmlcml.euclid.IntSquareMatrix,org.pitest.mutationtest.engine.gregor.mutators.ConditionalsBoundaryMutator,outerProduct,84,KILLED,org.xmlcml.euclid.test.IntSquareMatrixTest.testOuterProduct(org.xmlcml.euclid.test.IntSquareMatrixTest)
IntSquareMatrix.java,org.xmlcml.euclid.IntSquareMatrix,org.pitest.mutationtest.engine.gregor.mutators.MathMutator,outerProduct,85,KILLED,org.xmlcml.euclid.test.IntSquareMatrixTest.testOuterProduct(org.xmlcml.euclid.test.IntSquareMatrixTest)
IntSquareMatrix.java,org.xmlcml.euclid.IntSquareMatrix,org.pitest.mutationtest.engine.gregor.mutators.RemoveConditionalMutator_ORDER_ELSE,outerProduct,83,KILLED,org.xmlcml.euclid.test.IntSquareMatrixTest.testOuterProduct(org.xmlcml.euclid.test.IntSquareMatrixTest)
IntSquareMatrix.java,org.xmlcml.euclid.IntSquareMatrix,org.pitest.mutationtest.engine.gregor.mutators.RemoveConditionalMutator_ORDER_ELSE,outerProduct,84,KILLED,org.xmlcml.euclid.test.IntSquareMatrixTest.testOuterProduct(org.xmlcml.euclid.test.IntSquareMatrixTest)
IntSquareMatrix.java,org.xmlcml.euclid.IntSquareMatrix,org.pitest.mutationtest.engine.gregor.mutators.RemoveConditionalMutator_ORDER_IF,outerProduct,83,KILLED,org.xmlcml.euclid.test.IntSquareMatrixTest.testOuterProduct(org.xmlcml.euclid.test.IntSquareMatrixTest)
IntSquareMatrix.java,org.xmlcml.euclid.IntSquareMatrix,org.pitest.mutationtest.engine.gregor.mutators.RemoveConditionalMutator_ORDER_IF,outerProduct,84,KILLED,org.xmlcml.euclid.test.IntSquareMatrixTest.testOuterProduct(org.xmlcml.euclid.test.IntSquareMatrixTest)
IntSquareMatrix.java,org.xmlcml.euclid.IntSquareMatrix,org.pitest.mutationtest.engine.gregor.mutators.returns.NullReturnValsMutator,outerProduct,88,KILLED,org.xmlcml.euclid.test.IntSquareMatrixTest.testOuterProduct(org.xmlcml.euclid.test.IntSquareMatrixTest)
IntSquareMatrix.java,org.xmlcml.euclid.IntSquareMatrix,org.pitest.mutationtest.engine.gregor.mutators.returns.NullReturnValsMutator,plus,226,KILLED,org.xmlcml.euclid.test.IntSquareMatrixTest.testPlusIntSquareMatrix(org.xmlcml.euclid.test.IntSquareMatrixTest)
IntSquareMatrix.java,org.xmlcml.euclid.IntSquareMatrix,org.pitest.mutationtest.engine.gregor.mutators.VoidMethodCallMutator,shallowCopy,201,NO_COVERAGE,none
IntSquareMatrix.java,org.xmlcml.euclid.IntSquareMatrix,org.pitest.mutationtest.engine.gregor.mutators.returns.NullReturnValsMutator,subtract,241,KILLED,org.xmlcml.euclid.test.IntSquareMatrixTest.testSubtractIntSquareMatrix(org.xmlcml.euclid.test.IntSquareMatrixTest)
IntSquareMatrix.java,org.xmlcml.euclid.IntSquareMatrix,org.pitest.mutationtest.engine.gregor.mutators.ConditionalsBoundaryMutator,trace,267,NO_COVERAGE,none
IntSquareMatrix.java,org.xmlcml.euclid.IntSquareMatrix,org.pitest.mutationtest.engine.gregor.mutators.MathMutator,trace,268,NO_COVERAGE,none
IntSquareMatrix.java,org.xmlcml.euclid.IntSquareMatrix,org.pitest.mutationtest.engine.gregor.mutators.RemoveConditionalMutator_ORDER_ELSE,trace,267,NO_COVERAGE,none
IntSquareMatrix.java,org.xmlcml.euclid.IntSquareMatrix,org.pitest.mutationtest.engine.gregor.mutators.RemoveConditionalMutator_ORDER_IF,trace,267,NO_COVERAGE,none
IntSquareMatrix.java,org.xmlcml.euclid.IntSquareMatrix,org.pitest.mutationtest.engine.gregor.mutators.returns.PrimitiveReturnsMutator,trace,270,NO_COVERAGE,none
IntSquareMatrix.java,org.xmlcml.euclid.IntSquareMatrix,org.pitest.mutationtest.engine.gregor.mutators.ConditionalsBoundaryMutator,transpose,377,KILLED,org.xmlcml.euclid.test.IntSquareMatrixTest.testTranspose(org.xmlcml.euclid.test.IntSquareMatrixTest)
IntSquareMatrix.java,org.xmlcml.euclid.IntSquareMatrix,org.pitest.mutationtest.engine.gregor.mutators.ConditionalsBoundaryMutator,transpose,378,SURVIVED,none
IntSquareMatrix.java,org.xmlcml.euclid.IntSquareMatrix,org.pitest.mutationtest.engine.gregor.mutators.RemoveConditionalMutator_ORDER_ELSE,transpose,377,KILLED,org.xmlcml.euclid.test.IntSquareMatrixTest.testTranspose(org.xmlcml.euclid.test.IntSquareMatrixTest)
IntSquareMatrix.java,org.xmlcml.euclid.IntSquareMatrix,org.pitest.mutationtest.engine.gregor.mutators.RemoveConditionalMutator_ORDER_ELSE,transpose,378,KILLED,org.xmlcml.euclid.test.IntSquareMatrixTest.testTranspose(org.xmlcml.euclid.test.IntSquareMatrixTest)
IntSquareMatrix.java,org.xmlcml.euclid.IntSquareMatrix,org.pitest.mutationtest.engine.gregor.mutators.RemoveConditionalMutator_ORDER_IF,transpose,377,KILLED,org.xmlcml.euclid.test.IntSquareMatrixTest.testTranspose(org.xmlcml.euclid.test.IntSquareMatrixTest)
IntSquareMatrix.java,org.xmlcml.euclid.IntSquareMatrix,org.pitest.mutationtest.engine.gregor.mutators.RemoveConditionalMutator_ORDER_IF,transpose,378,KILLED,org.xmlcml.euclid.test.IntSquareMatrixTest.testTranspose(org.xmlcml.euclid.test.IntSquareMatrixTest)
