MyReflectionUtils.java,org.brunocvcunha.inutils4j.reflection.MyReflectionUtils,org.pitest.mutationtest.engine.gregor.mutators.returns.NullReturnValsMutator,buildInstanceForMap,53,KILLED,org.brunocvcunha.inutils4j.reflection.MyReflectionUtilsTest.simpleReflect(org.brunocvcunha.inutils4j.reflection.MyReflectionUtilsTest)
MyReflectionUtils.java,org.brunocvcunha.inutils4j.reflection.MyReflectionUtils,org.pitest.mutationtest.engine.gregor.mutators.RemoveConditionalMutator_EQUAL_ELSE,buildInstanceForMap,81,SURVIVED,none
MyReflectionUtils.java,org.brunocvcunha.inutils4j.reflection.MyReflectionUtils,org.pitest.mutationtest.engine.gregor.mutators.RemoveConditionalMutator_EQUAL_ELSE,buildInstanceForMap,93,KILLED,org.brunocvcunha.inutils4j.reflection.MyReflectionUtilsTest.simpleReflect(org.brunocvcunha.inutils4j.reflection.MyReflectionUtilsTest)
MyReflectionUtils.java,org.brunocvcunha.inutils4j.reflection.MyReflectionUtils,org.pitest.mutationtest.engine.gregor.mutators.RemoveConditionalMutator_EQUAL_ELSE,buildInstanceForMap,101,KILLED,org.brunocvcunha.inutils4j.reflection.MyReflectionUtilsTest.simpleReflect(org.brunocvcunha.inutils4j.reflection.MyReflectionUtilsTest)
MyReflectionUtils.java,org.brunocvcunha.inutils4j.reflection.MyReflectionUtils,org.pitest.mutationtest.engine.gregor.mutators.RemoveConditionalMutator_EQUAL_IF,buildInstanceForMap,81,KILLED,org.brunocvcunha.inutils4j.reflection.MyReflectionUtilsTest.simpleReflect(org.brunocvcunha.inutils4j.reflection.MyReflectionUtilsTest)
MyReflectionUtils.java,org.brunocvcunha.inutils4j.reflection.MyReflectionUtils,org.pitest.mutationtest.engine.gregor.mutators.RemoveConditionalMutator_EQUAL_IF,buildInstanceForMap,93,KILLED,org.brunocvcunha.inutils4j.reflection.MyReflectionUtilsTest.simpleReflect(org.brunocvcunha.inutils4j.reflection.MyReflectionUtilsTest)
MyReflectionUtils.java,org.brunocvcunha.inutils4j.reflection.MyReflectionUtils,org.pitest.mutationtest.engine.gregor.mutators.RemoveConditionalMutator_EQUAL_IF,buildInstanceForMap,101,SURVIVED,none
MyReflectionUtils.java,org.brunocvcunha.inutils4j.reflection.MyReflectionUtils,org.pitest.mutationtest.engine.gregor.mutators.returns.NullReturnValsMutator,buildInstanceForMap,111,KILLED,org.brunocvcunha.inutils4j.reflection.MyReflectionUtilsTest.simpleReflect(org.brunocvcunha.inutils4j.reflection.MyReflectionUtilsTest)
MyReflectionUtils.java,org.brunocvcunha.inutils4j.reflection.MyReflectionUtils,org.pitest.mutationtest.engine.gregor.mutators.RemoveConditionalMutator_EQUAL_ELSE,getClosestAnnotation,124,NO_COVERAGE,none
MyReflectionUtils.java,org.brunocvcunha.inutils4j.reflection.MyReflectionUtils,org.pitest.mutationtest.engine.gregor.mutators.RemoveConditionalMutator_EQUAL_ELSE,getClosestAnnotation,127,NO_COVERAGE,none
MyReflectionUtils.java,org.brunocvcunha.inutils4j.reflection.MyReflectionUtils,org.pitest.mutationtest.engine.gregor.mutators.RemoveConditionalMutator_EQUAL_ELSE,getClosestAnnotation,127,NO_COVERAGE,none
MyReflectionUtils.java,org.brunocvcunha.inutils4j.reflection.MyReflectionUtils,org.pitest.mutationtest.engine.gregor.mutators.RemoveConditionalMutator_EQUAL_IF,getClosestAnnotation,124,NO_COVERAGE,none
MyReflectionUtils.java,org.brunocvcunha.inutils4j.reflection.MyReflectionUtils,org.pitest.mutationtest.engine.gregor.mutators.RemoveConditionalMutator_EQUAL_IF,getClosestAnnotation,127,NO_COVERAGE,none
MyReflectionUtils.java,org.brunocvcunha.inutils4j.reflection.MyReflectionUtils,org.pitest.mutationtest.engine.gregor.mutators.RemoveConditionalMutator_EQUAL_IF,getClosestAnnotation,127,NO_COVERAGE,none
MyReflectionUtils.java,org.brunocvcunha.inutils4j.reflection.MyReflectionUtils,org.pitest.mutationtest.engine.gregor.mutators.returns.NullReturnValsMutator,getClosestAnnotation,133,NO_COVERAGE,none
