,index,project,class,line_no,is_clover_covered,on_slicer4j_slice,on_porbs_slice,statement_ps,covered_ps,required_ps,pseudotested_ps,domain,pit_total,pit_killed,pit_survived,pit_uncovered,statement_type,covered_porbs,covered_slicer4J,covgap_on_porbs_slice,covgap_on_slicer4j_slice
0,57,BlueObelisk_euclid,Int2Range,58,True,False,True,True,True,True,False,Library,4,2,2,0,IF,True,False,False,True
1,99,BlueObelisk_euclid,Int2Range,100,True,False,True,True,True,True,False,Library,6,3,3,0,IF,True,False,False,True
2,102,BlueObelisk_euclid,Int2Range,103,True,False,True,True,True,True,False,Library,1,1,0,0,RETURN,True,False,False,True
3,129,BlueObelisk_euclid,Int2Range,130,True,True,False,True,True,True,False,Library,2,1,1,0,IF,False,True,True,False
4,136,BlueObelisk_euclid,Int2Range,137,True,True,False,True,True,True,False,Library,4,2,2,0,IF,False,True,True,False
5,150,BlueObelisk_euclid,Int2Range,151,True,False,False,True,True,True,False,Library,6,3,3,0,IF,False,False,True,True
6,209,BlueObelisk_euclid,Int2Range,210,True,True,False,True,True,True,False,Library,2,1,1,0,IF,False,True,True,False
7,221,BlueObelisk_euclid,Int2Range,222,True,False,False,True,True,True,False,Library,6,3,3,0,IF,False,False,True,True
8,225,BlueObelisk_euclid,Int2Range,226,True,False,True,True,True,True,False,Library,0,0,0,0,VARIABLE_DECLARATION,True,False,False,True
9,234,BlueObelisk_euclid,Int2Range,235,True,False,True,True,True,True,False,Library,1,1,0,0,EXPRESSION,True,False,False,True
10,235,BlueObelisk_euclid,Int2Range,236,True,False,True,True,True,True,False,Library,1,1,0,0,EXPRESSION,True,False,False,True
11,342,BlueObelisk_euclid,IntSquareMatrix,83,True,False,True,True,True,True,False,Library,3,3,0,0,FOR,True,False,False,True
12,343,BlueObelisk_euclid,IntSquareMatrix,84,True,False,True,True,True,True,False,Library,3,3,0,0,FOR,True,False,False,True
13,344,BlueObelisk_euclid,IntSquareMatrix,85,True,False,True,True,True,True,False,Library,1,1,0,0,EXPRESSION,True,False,False,True
14,359,BlueObelisk_euclid,IntSquareMatrix,100,True,False,True,True,True,True,False,Library,3,3,0,0,FOR,True,False,False,True
15,360,BlueObelisk_euclid,IntSquareMatrix,101,True,False,True,True,True,True,False,Library,0,0,0,0,EXPRESSION,True,False,False,True
16,428,BlueObelisk_euclid,IntSquareMatrix,169,True,False,False,True,True,False,True,Library,2,1,1,0,IF,False,False,True,True
17,446,BlueObelisk_euclid,IntSquareMatrix,187,True,False,False,True,True,False,True,Library,2,1,1,0,IF,False,False,True,True
18,470,BlueObelisk_euclid,IntSquareMatrix,211,True,True,False,True,True,True,True,Library,2,1,1,0,RETURN,False,True,True,False
19,596,BlueObelisk_euclid,IntSquareMatrix,337,True,False,True,True,True,True,False,Library,4,2,2,0,FOR,True,False,False,True
20,597,BlueObelisk_euclid,IntSquareMatrix,338,True,False,True,True,True,True,False,Library,4,4,0,0,FOR,True,False,False,True
21,598,BlueObelisk_euclid,IntSquareMatrix,339,True,False,True,True,True,True,False,Library,0,0,0,0,EXPRESSION,True,False,False,True
22,609,BlueObelisk_euclid,IntSquareMatrix,350,True,False,True,True,True,True,False,Library,4,2,2,0,FOR,True,False,False,True
23,610,BlueObelisk_euclid,IntSquareMatrix,351,True,False,True,True,True,True,False,Library,4,4,0,0,FOR,True,False,False,True
24,611,BlueObelisk_euclid,IntSquareMatrix,352,True,False,True,True,True,True,False,Library,0,0,0,0,EXPRESSION,True,False,False,True
25,622,BlueObelisk_euclid,IntSquareMatrix,363,True,False,True,True,True,True,False,Library,0,0,0,0,VARIABLE_DECLARATION,True,False,False,True
26,623,BlueObelisk_euclid,IntSquareMatrix,364,True,False,True,True,True,True,False,Library,3,3,0,0,VARIABLE_DECLARATION,True,False,False,True
27,624,BlueObelisk_euclid,IntSquareMatrix,365,True,False,True,True,True,True,False,Library,0,0,0,0,VARIABLE_DECLARATION,True,False,False,True
28,625,BlueObelisk_euclid,IntSquareMatrix,366,True,False,True,True,True,True,False,Library,3,3,0,0,FOR,True,False,False,True
29,626,BlueObelisk_euclid,IntSquareMatrix,367,True,False,True,True,True,True,False,Library,3,3,0,0,FOR,True,False,False,True
30,627,BlueObelisk_euclid,IntSquareMatrix,368,True,False,True,True,True,True,False,Library,2,2,0,0,EXPRESSION,True,False,False,True
31,630,BlueObelisk_euclid,IntSquareMatrix,371,True,False,True,True,True,True,False,Library,1,1,0,0,RETURN,True,False,False,True
32,636,BlueObelisk_euclid,IntSquareMatrix,377,True,False,True,True,True,True,False,Library,3,3,0,0,FOR,True,False,False,True
33,637,BlueObelisk_euclid,IntSquareMatrix,378,True,False,True,True,True,True,False,Library,3,2,1,0,FOR,True,False,False,True
34,638,BlueObelisk_euclid,IntSquareMatrix,379,True,False,True,True,True,True,False,Library,0,0,0,0,VARIABLE_DECLARATION,True,False,False,True
35,639,BlueObelisk_euclid,IntSquareMatrix,380,True,False,True,True,True,True,False,Library,0,0,0,0,EXPRESSION,True,False,False,True
36,640,BlueObelisk_euclid,IntSquareMatrix,381,True,False,True,True,True,True,False,Library,0,0,0,0,EXPRESSION,True,False,False,True
37,697,BlueObelisk_euclid,Line2,53,True,True,False,True,True,True,False,Library,1,1,0,0,EXPRESSION,False,True,True,False
38,698,BlueObelisk_euclid,Line2,54,True,True,False,True,True,True,False,Library,1,0,1,0,EXPRESSION,False,True,True,False
39,703,BlueObelisk_euclid,Line2,59,True,False,False,True,True,True,False,Library,3,0,3,0,IF,False,False,True,True
40,709,BlueObelisk_euclid,Line2,65,True,True,False,True,True,True,False,Library,0,0,0,0,EXPRESSION,False,True,True,False
41,710,BlueObelisk_euclid,Line2,66,True,True,False,True,True,True,False,Library,0,0,0,0,EXPRESSION,False,True,True,False
42,711,BlueObelisk_euclid,Line2,67,True,True,False,True,True,True,False,Library,0,0,0,0,EXPRESSION,False,True,True,False
43,720,BlueObelisk_euclid,Line2,76,True,False,False,True,True,True,False,Library,3,1,2,0,IF,False,False,True,True
44,734,BlueObelisk_euclid,Line2,90,True,False,True,True,True,True,False,Library,2,1,1,0,IF,True,False,False,True
45,735,BlueObelisk_euclid,Line2,91,True,False,True,True,True,True,False,Library,0,0,0,0,TRY,True,False,False,True
46,751,BlueObelisk_euclid,Line2,107,True,False,True,True,True,True,False,Library,8,5,3,0,IF,True,False,False,True
47,786,BlueObelisk_euclid,Line2,142,True,False,True,True,True,False,True,Library,0,0,0,0,VARIABLE_DECLARATION,True,False,False,True
48,787,BlueObelisk_euclid,Line2,143,True,True,True,True,True,True,True,Library,3,1,2,0,IF,True,True,False,False
49,788,BlueObelisk_euclid,Line2,144,True,True,True,True,True,False,True,Library,0,0,0,0,EXPRESSION,True,True,False,False
50,851,BlueObelisk_euclid,Line2,207,True,False,False,True,True,True,False,Library,0,0,0,0,EXPRESSION,False,False,True,True
51,853,BlueObelisk_euclid,Line2,209,True,False,False,True,True,True,False,Library,0,0,0,0,EXPRESSION,False,False,True,True
52,931,BlueObelisk_euclid,Line2,287,True,False,True,True,True,True,False,Library,0,0,0,0,VARIABLE_DECLARATION,True,False,False,True
53,932,BlueObelisk_euclid,Line2,288,True,False,True,True,True,True,False,Library,4,2,2,0,IF,True,False,False,True
54,934,BlueObelisk_euclid,Line2,290,True,True,False,True,True,True,False,Library,1,0,1,0,EXPRESSION,False,True,True,False
55,946,BlueObelisk_euclid,Line2,302,True,False,True,True,True,True,False,Library,0,0,0,0,VARIABLE_DECLARATION,True,False,False,True
56,947,BlueObelisk_euclid,Line2,303,True,False,True,True,True,True,False,Library,4,2,2,0,IF,True,False,False,True
57,949,BlueObelisk_euclid,Line2,305,True,True,False,True,True,True,False,Library,1,0,1,0,EXPRESSION,False,True,True,False
58,962,BlueObelisk_euclid,Line2,318,True,False,True,True,True,True,False,Library,0,0,0,0,VARIABLE_DECLARATION,True,False,False,True
59,963,BlueObelisk_euclid,Line2,319,True,False,True,True,True,True,False,Library,4,2,2,0,IF,True,False,False,True
60,980,BlueObelisk_euclid,Line2,336,True,False,True,True,True,True,False,Library,0,0,0,0,VARIABLE_DECLARATION,True,False,False,True
61,996,BlueObelisk_euclid,Line2,352,True,False,True,True,True,True,False,Library,0,0,0,0,VARIABLE_DECLARATION,True,False,False,True
62,1000,BlueObelisk_euclid,Line2,356,True,False,True,True,True,True,False,Library,1,1,0,0,RETURN,True,False,False,True
63,1004,BlueObelisk_euclid,Line2,360,True,False,False,True,True,True,False,Library,6,2,2,2,RETURN,False,False,True,True
64,1059,BlueObelisk_euclid,Line2,415,True,False,True,True,True,True,False,Library,0,0,0,0,VARIABLE_DECLARATION,True,False,False,True
65,1061,BlueObelisk_euclid,Line2,417,True,False,True,True,True,True,False,Library,0,0,0,0,EXPRESSION,True,False,False,True
66,1198,BlueObelisk_euclid,Real3Range,41,True,False,True,True,True,True,False,Library,3,3,0,0,FOR,True,False,False,True
67,1211,BlueObelisk_euclid,Real3Range,54,True,True,False,True,True,True,False,Library,1,1,0,0,EXPRESSION,False,True,True,False
68,1232,BlueObelisk_euclid,Real3Range,75,True,False,True,True,True,True,False,Library,3,3,0,0,FOR,True,False,False,True
69,1244,BlueObelisk_euclid,Real3Range,87,True,True,True,True,True,True,True,Library,3,1,2,0,RETURN,True,True,False,False
70,1381,BlueObelisk_euclid,Real3Range,224,True,False,True,True,True,True,False,Library,1,1,0,0,EXPRESSION,True,False,False,True
71,1382,BlueObelisk_euclid,Real3Range,225,True,False,True,True,True,True,False,Library,1,1,0,0,EXPRESSION,True,False,False,True
72,1386,BlueObelisk_euclid,Real3Range,229,True,False,True,True,True,True,False,Library,0,0,0,0,VARIABLE_DECLARATION,True,False,False,True
73,1488,BlueObelisk_euclid,Transform2,87,True,False,True,True,True,True,False,Library,3,3,0,0,FOR,True,False,False,True
74,1489,BlueObelisk_euclid,Transform2,88,True,False,True,True,True,True,False,Library,0,0,0,0,EXPRESSION,True,False,False,True
75,1510,BlueObelisk_euclid,Transform2,109,True,False,True,True,True,True,False,Library,0,0,0,0,EXPRESSION,True,False,False,True
76,1511,BlueObelisk_euclid,Transform2,110,True,False,True,True,True,True,False,Library,0,0,0,0,EXPRESSION,True,False,False,True
77,1532,BlueObelisk_euclid,Transform2,131,True,False,True,True,True,True,False,Library,0,0,0,0,VARIABLE_DECLARATION,True,False,False,True
78,1533,BlueObelisk_euclid,Transform2,132,True,False,True,True,True,True,False,Library,0,0,0,0,VARIABLE_DECLARATION,True,False,False,True
79,1534,BlueObelisk_euclid,Transform2,133,True,False,True,True,True,True,False,Library,0,0,0,0,EXPRESSION,True,False,False,True
80,1535,BlueObelisk_euclid,Transform2,134,True,False,True,True,True,True,False,Library,0,0,0,0,EXPRESSION,True,False,False,True
81,1536,BlueObelisk_euclid,Transform2,135,True,False,True,True,True,True,False,Library,1,1,0,0,EXPRESSION,True,False,False,True
82,1537,BlueObelisk_euclid,Transform2,136,True,False,True,True,True,True,False,Library,0,0,0,0,EXPRESSION,True,False,False,True
83,1538,BlueObelisk_euclid,Transform2,137,True,False,False,True,True,True,False,Library,0,0,0,0,EXPRESSION,False,False,True,True
84,1539,BlueObelisk_euclid,Transform2,138,True,True,False,True,True,True,False,Library,0,0,0,0,EXPRESSION,False,True,True,False
85,1552,BlueObelisk_euclid,Transform2,151,True,False,True,True,True,True,False,Library,5,5,0,0,EXPRESSION,True,False,False,True
86,1553,BlueObelisk_euclid,Transform2,152,True,False,True,True,True,True,False,Library,5,5,0,0,EXPRESSION,True,False,False,True
87,1554,BlueObelisk_euclid,Transform2,153,True,False,False,True,True,True,False,Library,0,0,0,0,EXPRESSION,False,False,True,True
88,1555,BlueObelisk_euclid,Transform2,154,True,False,False,True,True,True,False,Library,0,0,0,0,EXPRESSION,False,False,True,True
89,1556,BlueObelisk_euclid,Transform2,155,True,False,False,True,True,True,False,Library,0,0,0,0,EXPRESSION,False,False,True,True
90,1557,BlueObelisk_euclid,Transform2,156,True,False,False,True,True,True,False,Library,0,0,0,0,EXPRESSION,False,False,True,True
91,1572,BlueObelisk_euclid,Transform2,171,True,False,True,True,True,True,False,Library,0,0,0,0,VARIABLE_DECLARATION,True,False,False,True
92,1587,BlueObelisk_euclid,Transform2,186,True,False,True,True,True,True,False,Library,3,2,1,0,FOR,True,False,False,True
93,1588,BlueObelisk_euclid,Transform2,187,True,False,True,True,True,True,False,Library,0,0,0,0,EXPRESSION,True,False,False,True
94,1589,BlueObelisk_euclid,Transform2,188,True,False,True,True,True,True,False,Library,0,0,0,0,EXPRESSION,True,False,False,True
95,1590,BlueObelisk_euclid,Transform2,189,True,False,True,True,True,True,False,Library,0,0,0,0,EXPRESSION,True,False,False,True
96,1591,BlueObelisk_euclid,Transform2,190,True,False,True,True,True,True,False,Library,0,0,0,0,EXPRESSION,True,False,False,True
97,1592,BlueObelisk_euclid,Transform2,191,True,False,False,True,True,True,False,Library,0,0,0,0,EXPRESSION,False,False,True,True
98,1593,BlueObelisk_euclid,Transform2,192,True,False,False,True,True,True,False,Library,0,0,0,0,EXPRESSION,False,False,True,True
99,1595,BlueObelisk_euclid,Transform2,194,True,False,True,True,True,True,False,Library,0,0,0,0,EXPRESSION,True,False,False,True
100,1619,BlueObelisk_euclid,Transform2,218,True,True,False,True,True,True,False,Library,0,0,0,0,EXPRESSION,False,True,True,False
101,1634,BlueObelisk_euclid,Transform2,233,True,False,False,True,True,True,False,Library,3,2,1,0,FOR,False,False,True,True
102,1635,BlueObelisk_euclid,Transform2,234,True,False,False,True,True,True,False,Library,3,2,1,0,FOR,False,False,True,True
103,1636,BlueObelisk_euclid,Transform2,235,True,False,False,True,True,True,False,Library,0,0,0,0,EXPRESSION,False,False,True,True
104,1639,BlueObelisk_euclid,Transform2,238,True,True,False,True,True,True,False,Library,2,1,1,0,IF,False,True,True,False
105,1644,BlueObelisk_euclid,Transform2,243,True,True,False,True,True,True,False,Library,0,0,0,0,EXPRESSION,False,True,True,False
106,1661,BlueObelisk_euclid,Transform2,260,True,False,True,True,True,True,False,Library,0,0,0,0,EXPRESSION,True,False,False,True
107,1662,BlueObelisk_euclid,Transform2,261,True,False,True,True,True,True,False,Library,0,0,0,0,EXPRESSION,True,False,False,True
108,1767,BlueObelisk_euclid,Transform2,366,True,True,False,True,True,True,True,Library,5,2,3,0,RETURN,False,True,True,False
109,1837,BlueObelisk_euclid,Transform2,436,True,False,True,True,True,True,False,Library,0,0,0,0,VARIABLE_DECLARATION,True,False,False,True
110,1841,BlueObelisk_euclid,Transform2,440,True,True,False,True,True,True,False,Library,3,1,2,0,EXPRESSION,False,True,True,False
111,1853,BlueObelisk_euclid,Transform2,452,True,False,False,True,True,True,False,Library,0,0,0,0,VARIABLE_DECLARATION,False,False,True,True
112,1854,BlueObelisk_euclid,Transform2,453,True,False,False,True,True,False,True,Library,2,0,2,0,IF,False,False,True,True
113,1858,BlueObelisk_euclid,Transform2,457,True,False,False,True,True,True,True,Library,2,1,1,0,IF,False,False,True,True
114,1859,BlueObelisk_euclid,Transform2,458,True,False,False,True,True,True,False,Library,0,0,0,0,EXPRESSION,False,False,True,True
115,1860,BlueObelisk_euclid,Transform2,459,True,False,False,True,True,True,False,Library,0,0,0,0,EXPRESSION,False,False,True,True
116,1861,BlueObelisk_euclid,Transform2,460,True,False,False,True,True,True,False,Library,1,0,1,0,EXPRESSION,False,False,True,True
117,1884,BlueObelisk_euclid,Transform2,483,True,False,False,True,True,True,False,Library,0,0,0,0,EXPRESSION,False,False,True,True
118,1885,BlueObelisk_euclid,Transform2,484,True,False,True,True,True,True,False,Library,0,0,0,0,RETURN,True,False,False,True
119,1902,BlueObelisk_euclid,Transform2,501,True,True,False,True,True,True,False,Library,0,0,0,0,VARIABLE_DECLARATION,False,True,True,False
120,1903,BlueObelisk_euclid,Transform2,502,True,True,False,True,True,True,False,Library,2,1,1,0,IF,False,True,True,False
121,1904,BlueObelisk_euclid,Transform2,503,True,True,False,True,True,True,False,Library,2,1,1,0,IF,False,True,True,False
122,1906,BlueObelisk_euclid,Transform2,505,True,True,False,True,True,True,False,Library,1,1,0,0,RETURN,False,True,True,False
123,1910,BlueObelisk_euclid,Transform2,509,True,True,False,True,True,True,False,Library,2,2,0,0,IF,False,True,True,False
124,1911,BlueObelisk_euclid,Transform2,510,True,False,False,True,True,True,False,Library,1,1,0,0,RETURN,False,False,True,True
125,1914,BlueObelisk_euclid,Transform2,513,True,True,False,True,True,True,False,Library,2,1,1,0,IF,False,True,True,False
126,1915,BlueObelisk_euclid,Transform2,514,True,True,False,True,True,True,False,Library,1,1,0,0,RETURN,False,True,True,False
127,1947,BlueObelisk_euclid,Transform2,546,True,False,True,True,True,True,False,Library,0,0,0,0,VARIABLE_DECLARATION,True,False,False,True
128,2016,BlueObelisk_euclid,Transform2,615,True,False,True,True,True,True,False,Library,0,0,0,0,EXPRESSION,True,False,False,True
129,2017,BlueObelisk_euclid,Transform2,616,True,False,True,True,True,True,False,Library,0,0,0,0,VARIABLE_DECLARATION,True,False,False,True
130,2018,BlueObelisk_euclid,Transform2,617,True,False,True,True,True,True,False,Library,0,0,0,0,VARIABLE_DECLARATION,True,False,False,True
131,2020,BlueObelisk_euclid,Transform2,619,True,False,True,True,True,True,False,Library,3,3,0,0,EXPRESSION,True,False,False,True
132,2021,BlueObelisk_euclid,Transform2,620,True,False,True,True,True,True,False,Library,1,0,1,0,EXPRESSION,True,False,False,True
133,2022,BlueObelisk_euclid,Transform2,621,True,False,True,True,True,True,False,Library,2,2,0,0,EXPRESSION,True,False,False,True
134,2023,BlueObelisk_euclid,Transform2,622,True,False,True,True,True,True,False,Library,1,1,0,0,RETURN,True,False,False,True
135,2062,BlueObelisk_euclid,Transform2,661,True,False,False,True,True,False,True,Library,1,0,1,0,EXPRESSION,False,False,True,True
136,2063,BlueObelisk_euclid,Transform2,662,True,False,True,True,True,True,False,Library,0,0,0,0,EXPRESSION,True,False,False,True
137,2064,BlueObelisk_euclid,Transform2,663,True,False,True,True,True,True,False,Library,1,1,0,0,RETURN,True,False,False,True
138,2188,bvolpato_inutils4j,MyArrUtils,43,True,True,True,True,True,False,True,Tool,0,0,0,0,VARIABLE_DECLARATION,True,True,False,False
139,2198,bvolpato_inutils4j,MyArrUtils,53,True,False,True,True,True,True,False,Tool,3,2,0,0,IF,True,False,False,True
140,2199,bvolpato_inutils4j,MyArrUtils,54,True,False,True,True,True,True,False,Tool,0,0,0,0,THROW,True,False,False,True
141,2245,bvolpato_inutils4j,MyArrUtils,100,True,False,True,True,True,True,False,Tool,1,1,0,0,EXPRESSION,True,False,False,True
142,2249,bvolpato_inutils4j,MyArrUtils,104,True,False,True,True,True,True,False,Tool,0,0,0,0,VARIABLE_DECLARATION,True,False,False,True
143,2250,bvolpato_inutils4j,MyArrUtils,105,True,False,True,True,True,True,False,Tool,2,2,0,0,VARIABLE_DECLARATION,True,False,False,True
144,2251,bvolpato_inutils4j,MyArrUtils,106,True,False,True,True,True,True,False,Tool,3,2,1,0,WHILE,True,False,False,True
145,2252,bvolpato_inutils4j,MyArrUtils,107,True,False,True,True,True,True,False,Tool,0,0,0,0,VARIABLE_DECLARATION,True,False,False,True
146,2253,bvolpato_inutils4j,MyArrUtils,108,True,False,True,True,True,True,False,Tool,0,0,0,0,EXPRESSION,True,False,False,True
147,2254,bvolpato_inutils4j,MyArrUtils,109,True,False,True,True,True,True,False,Tool,0,0,0,0,EXPRESSION,True,False,False,True
148,2255,bvolpato_inutils4j,MyArrUtils,110,True,False,True,True,True,True,False,Tool,1,1,0,0,EXPRESSION,True,False,False,True
149,2256,bvolpato_inutils4j,MyArrUtils,111,True,False,True,True,True,True,False,Tool,1,1,0,0,EXPRESSION,True,False,False,True
150,2415,bvolpato_inutils4j,MyNumberUtils,36,True,True,True,True,True,False,True,Tool,4,0,4,0,RETURN,True,True,False,False
151,2491,bvolpato_inutils4j,MyReflectionUtils,53,True,False,True,True,True,True,False,Tool,1,1,0,0,RETURN,True,False,False,True
152,2512,bvolpato_inutils4j,MyReflectionUtils,74,True,False,False,True,True,True,False,Tool,0,0,0,0,EXPRESSION,False,False,True,True
153,2514,bvolpato_inutils4j,MyReflectionUtils,76,True,False,True,True,True,True,False,Tool,0,0,0,0,VARIABLE_DECLARATION,True,False,False,True
154,2516,bvolpato_inutils4j,MyReflectionUtils,78,True,False,True,True,True,True,False,Tool,0,0,0,0,FOR_EACH,True,False,False,True
155,2517,bvolpato_inutils4j,MyReflectionUtils,79,True,False,True,True,True,True,False,Tool,0,0,0,0,VARIABLE_DECLARATION,True,False,False,True
156,2519,bvolpato_inutils4j,MyReflectionUtils,81,True,False,False,True,True,True,False,Tool,2,1,1,0,IF,False,False,True,True
157,2524,bvolpato_inutils4j,MyReflectionUtils,86,True,False,False,True,True,True,False,Tool,0,0,0,0,EXPRESSION,False,False,True,True
158,2527,bvolpato_inutils4j,MyReflectionUtils,89,True,False,True,True,True,True,False,Tool,0,0,0,0,VARIABLE_DECLARATION,True,False,False,True
159,2528,bvolpato_inutils4j,MyReflectionUtils,90,True,False,True,True,True,True,False,Tool,0,0,0,0,VARIABLE_DECLARATION,True,False,False,True
160,2529,bvolpato_inutils4j,MyReflectionUtils,91,True,False,True,True,True,True,False,Tool,0,0,0,0,VARIABLE_DECLARATION,True,False,False,True
161,2530,bvolpato_inutils4j,MyReflectionUtils,92,True,False,True,True,True,True,False,Tool,0,0,0,0,FOR_EACH,True,False,False,True
162,2531,bvolpato_inutils4j,MyReflectionUtils,93,True,False,True,True,True,True,False,Tool,2,2,0,0,IF,True,False,False,True
163,2532,bvolpato_inutils4j,MyReflectionUtils,94,True,False,True,True,True,True,False,Tool,0,0,0,0,EXPRESSION,True,False,False,True
164,2533,bvolpato_inutils4j,MyReflectionUtils,95,True,False,False,True,True,True,False,Tool,0,0,0,0,BREAK,False,False,True,True
165,2537,bvolpato_inutils4j,MyReflectionUtils,99,True,False,True,True,True,True,False,Tool,0,0,0,0,VARIABLE_DECLARATION,True,False,False,True
166,2539,bvolpato_inutils4j,MyReflectionUtils,101,True,False,True,True,True,True,False,Tool,2,1,1,0,IF,True,False,False,True
167,2540,bvolpato_inutils4j,MyReflectionUtils,102,True,False,True,True,True,True,False,Tool,0,0,0,0,EXPRESSION,True,False,False,True
168,2549,bvolpato_inutils4j,MyReflectionUtils,111,True,False,True,True,True,True,False,Tool,1,1,0,0,RETURN,True,False,False,True
169,2679,bvolpato_inutils4j,MyStringUtils,102,True,False,False,True,True,True,False,Tool,0,0,0,0,EXPRESSION,False,False,True,True
170,2680,bvolpato_inutils4j,MyStringUtils,103,True,False,True,True,True,True,False,Tool,0,0,0,0,EXPRESSION,True,False,False,True
171,2681,bvolpato_inutils4j,MyStringUtils,104,True,False,True,True,True,True,False,Tool,0,0,0,0,EXPRESSION,True,False,False,True
172,2691,bvolpato_inutils4j,MyStringUtils,114,True,False,False,True,True,True,False,Tool,0,0,0,0,EXPRESSION,False,False,True,True
173,2692,bvolpato_inutils4j,MyStringUtils,115,True,False,False,True,True,True,False,Tool,0,0,0,0,EXPRESSION,False,False,True,True
174,2693,bvolpato_inutils4j,MyStringUtils,116,True,False,False,True,True,True,False,Tool,0,0,0,0,EXPRESSION,False,False,True,True
175,2694,bvolpato_inutils4j,MyStringUtils,117,True,False,False,True,True,True,False,Tool,0,0,0,0,EXPRESSION,False,False,True,True
176,2695,bvolpato_inutils4j,MyStringUtils,118,True,False,False,True,True,True,False,Tool,0,0,0,0,EXPRESSION,False,False,True,True
177,2696,bvolpato_inutils4j,MyStringUtils,119,True,False,False,True,True,True,False,Tool,0,0,0,0,EXPRESSION,False,False,True,True
178,2697,bvolpato_inutils4j,MyStringUtils,120,True,False,True,True,True,True,False,Tool,0,0,0,0,EXPRESSION,True,False,False,True
179,2698,bvolpato_inutils4j,MyStringUtils,121,True,False,False,True,True,True,False,Tool,0,0,0,0,EXPRESSION,False,False,True,True
180,2699,bvolpato_inutils4j,MyStringUtils,122,True,False,False,True,True,True,False,Tool,0,0,0,0,EXPRESSION,False,False,True,True
181,2700,bvolpato_inutils4j,MyStringUtils,123,True,False,False,True,True,True,False,Tool,0,0,0,0,EXPRESSION,False,False,True,True
182,2701,bvolpato_inutils4j,MyStringUtils,124,True,False,False,True,True,True,False,Tool,0,0,0,0,EXPRESSION,False,False,True,True
183,2712,bvolpato_inutils4j,MyStringUtils,135,True,False,False,True,True,True,False,Tool,0,0,0,0,EXPRESSION,False,False,True,True
184,2717,bvolpato_inutils4j,MyStringUtils,140,True,False,False,True,True,True,False,Tool,0,0,0,0,EXPRESSION,False,False,True,True
185,2718,bvolpato_inutils4j,MyStringUtils,141,True,False,False,True,True,True,False,Tool,0,0,0,0,EXPRESSION,False,False,True,True
186,2719,bvolpato_inutils4j,MyStringUtils,142,True,False,False,True,True,True,False,Tool,0,0,0,0,EXPRESSION,False,False,True,True
187,2721,bvolpato_inutils4j,MyStringUtils,144,True,False,False,True,True,True,False,Tool,0,0,0,0,EXPRESSION,False,False,True,True
188,2722,bvolpato_inutils4j,MyStringUtils,145,True,False,True,True,True,True,False,Tool,0,0,0,0,TRY,True,False,False,True
189,2723,bvolpato_inutils4j,MyStringUtils,146,True,False,False,True,True,True,False,Tool,0,0,0,0,EXPRESSION,False,False,True,True
190,2735,bvolpato_inutils4j,MyStringUtils,158,True,True,False,True,True,True,False,Tool,0,0,0,0,EXPRESSION,False,True,True,False
191,2736,bvolpato_inutils4j,MyStringUtils,159,True,True,False,True,True,True,False,Tool,0,0,0,0,EXPRESSION,False,True,True,False
192,2737,bvolpato_inutils4j,MyStringUtils,160,True,True,False,True,True,True,False,Tool,0,0,0,0,EXPRESSION,False,True,True,False
193,2738,bvolpato_inutils4j,MyStringUtils,161,True,True,False,True,True,True,False,Tool,0,0,0,0,EXPRESSION,False,True,True,False
194,2739,bvolpato_inutils4j,MyStringUtils,162,True,True,False,True,True,True,False,Tool,0,0,0,0,EXPRESSION,False,True,True,False
195,2740,bvolpato_inutils4j,MyStringUtils,163,True,True,False,True,True,True,False,Tool,0,0,0,0,EXPRESSION,False,True,True,False
196,2741,bvolpato_inutils4j,MyStringUtils,164,True,True,False,True,True,True,False,Tool,0,0,0,0,EXPRESSION,False,True,True,False
197,2742,bvolpato_inutils4j,MyStringUtils,165,True,True,False,True,True,True,False,Tool,0,0,0,0,EXPRESSION,False,True,True,False
198,2743,bvolpato_inutils4j,MyStringUtils,166,True,True,False,True,True,True,False,Tool,0,0,0,0,EXPRESSION,False,True,True,False
199,2744,bvolpato_inutils4j,MyStringUtils,167,True,True,False,True,True,True,False,Tool,0,0,0,0,EXPRESSION,False,True,True,False
200,2745,bvolpato_inutils4j,MyStringUtils,168,True,True,False,True,True,True,False,Tool,0,0,0,0,EXPRESSION,False,True,True,False
201,2746,bvolpato_inutils4j,MyStringUtils,169,True,True,False,True,True,True,False,Tool,0,0,0,0,EXPRESSION,False,True,True,False
202,2747,bvolpato_inutils4j,MyStringUtils,170,True,True,False,True,True,True,False,Tool,0,0,0,0,EXPRESSION,False,True,True,False
203,2748,bvolpato_inutils4j,MyStringUtils,171,True,True,False,True,True,True,False,Tool,0,0,0,0,EXPRESSION,False,True,True,False
204,2749,bvolpato_inutils4j,MyStringUtils,172,True,True,False,True,True,True,False,Tool,0,0,0,0,EXPRESSION,False,True,True,False
205,2750,bvolpato_inutils4j,MyStringUtils,173,True,True,False,True,True,True,False,Tool,0,0,0,0,EXPRESSION,False,True,True,False
206,2751,bvolpato_inutils4j,MyStringUtils,174,True,True,False,True,True,True,False,Tool,0,0,0,0,EXPRESSION,False,True,True,False
207,2752,bvolpato_inutils4j,MyStringUtils,175,True,True,False,True,True,True,False,Tool,0,0,0,0,EXPRESSION,False,True,True,False
208,2753,bvolpato_inutils4j,MyStringUtils,176,True,True,False,True,True,True,False,Tool,0,0,0,0,EXPRESSION,False,True,True,False
209,2754,bvolpato_inutils4j,MyStringUtils,177,True,True,False,True,True,True,False,Tool,0,0,0,0,EXPRESSION,False,True,True,False
210,2755,bvolpato_inutils4j,MyStringUtils,178,True,True,False,True,True,True,False,Tool,0,0,0,0,EXPRESSION,False,True,True,False
211,2756,bvolpato_inutils4j,MyStringUtils,179,True,True,False,True,True,True,False,Tool,0,0,0,0,EXPRESSION,False,True,True,False
212,2757,bvolpato_inutils4j,MyStringUtils,180,True,False,False,True,True,True,False,Tool,0,0,0,0,EXPRESSION,False,False,True,True
213,2758,bvolpato_inutils4j,MyStringUtils,181,True,True,False,True,True,True,False,Tool,0,0,0,0,EXPRESSION,False,True,True,False
214,2759,bvolpato_inutils4j,MyStringUtils,182,True,True,False,True,True,True,False,Tool,0,0,0,0,EXPRESSION,False,True,True,False
215,2760,bvolpato_inutils4j,MyStringUtils,183,True,True,False,True,True,True,False,Tool,0,0,0,0,EXPRESSION,False,True,True,False
216,2761,bvolpato_inutils4j,MyStringUtils,184,True,True,False,True,True,True,False,Tool,0,0,0,0,EXPRESSION,False,True,True,False
217,2762,bvolpato_inutils4j,MyStringUtils,185,True,True,False,True,True,True,False,Tool,0,0,0,0,EXPRESSION,False,True,True,False
218,2763,bvolpato_inutils4j,MyStringUtils,186,True,True,False,True,True,True,False,Tool,0,0,0,0,EXPRESSION,False,True,True,False
219,2764,bvolpato_inutils4j,MyStringUtils,187,True,True,False,True,True,True,False,Tool,0,0,0,0,EXPRESSION,False,True,True,False
220,2765,bvolpato_inutils4j,MyStringUtils,188,True,True,False,True,True,True,False,Tool,0,0,0,0,EXPRESSION,False,True,True,False
221,2766,bvolpato_inutils4j,MyStringUtils,189,True,True,False,True,True,True,False,Tool,0,0,0,0,EXPRESSION,False,True,True,False
222,2767,bvolpato_inutils4j,MyStringUtils,190,True,True,False,True,True,True,False,Tool,0,0,0,0,EXPRESSION,False,True,True,False
223,2768,bvolpato_inutils4j,MyStringUtils,191,True,True,False,True,True,True,False,Tool,0,0,0,0,EXPRESSION,False,True,True,False
224,2769,bvolpato_inutils4j,MyStringUtils,192,True,True,False,True,True,True,False,Tool,0,0,0,0,EXPRESSION,False,True,True,False
225,2770,bvolpato_inutils4j,MyStringUtils,193,True,False,False,True,True,True,False,Tool,0,0,0,0,EXPRESSION,False,False,True,True
226,2771,bvolpato_inutils4j,MyStringUtils,194,True,True,False,True,True,True,False,Tool,0,0,0,0,EXPRESSION,False,True,True,False
227,2772,bvolpato_inutils4j,MyStringUtils,195,True,False,False,True,True,True,False,Tool,0,0,0,0,EXPRESSION,False,False,True,True
228,2773,bvolpato_inutils4j,MyStringUtils,196,True,True,False,True,True,True,False,Tool,0,0,0,0,EXPRESSION,False,True,True,False
229,2774,bvolpato_inutils4j,MyStringUtils,197,True,False,False,True,True,True,False,Tool,0,0,0,0,EXPRESSION,False,False,True,True
230,2775,bvolpato_inutils4j,MyStringUtils,198,True,True,False,True,True,True,False,Tool,0,0,0,0,EXPRESSION,False,True,True,False
231,2776,bvolpato_inutils4j,MyStringUtils,199,True,False,False,True,True,True,False,Tool,0,0,0,0,EXPRESSION,False,False,True,True
232,2777,bvolpato_inutils4j,MyStringUtils,200,True,True,False,True,True,True,False,Tool,0,0,0,0,EXPRESSION,False,True,True,False
233,2778,bvolpato_inutils4j,MyStringUtils,201,True,True,False,True,True,True,False,Tool,0,0,0,0,EXPRESSION,False,True,True,False
234,2779,bvolpato_inutils4j,MyStringUtils,202,True,True,False,True,True,True,False,Tool,0,0,0,0,EXPRESSION,False,True,True,False
235,2780,bvolpato_inutils4j,MyStringUtils,203,True,True,False,True,True,True,False,Tool,0,0,0,0,EXPRESSION,False,True,True,False
236,2781,bvolpato_inutils4j,MyStringUtils,204,True,False,False,True,True,True,False,Tool,0,0,0,0,EXPRESSION,False,False,True,True
237,2782,bvolpato_inutils4j,MyStringUtils,205,True,True,False,True,True,True,False,Tool,0,0,0,0,EXPRESSION,False,True,True,False
238,2783,bvolpato_inutils4j,MyStringUtils,206,True,False,False,True,True,True,False,Tool,0,0,0,0,EXPRESSION,False,False,True,True
239,2784,bvolpato_inutils4j,MyStringUtils,207,True,True,False,True,True,True,False,Tool,0,0,0,0,EXPRESSION,False,True,True,False
240,2785,bvolpato_inutils4j,MyStringUtils,208,True,False,False,True,True,True,False,Tool,0,0,0,0,EXPRESSION,False,False,True,True
241,2786,bvolpato_inutils4j,MyStringUtils,209,True,True,False,True,True,True,False,Tool,0,0,0,0,EXPRESSION,False,True,True,False
242,2787,bvolpato_inutils4j,MyStringUtils,210,True,False,False,True,True,True,False,Tool,0,0,0,0,EXPRESSION,False,False,True,True
243,2788,bvolpato_inutils4j,MyStringUtils,211,True,True,False,True,True,True,False,Tool,0,0,0,0,EXPRESSION,False,True,True,False
244,2789,bvolpato_inutils4j,MyStringUtils,212,True,True,False,True,True,True,False,Tool,0,0,0,0,EXPRESSION,False,True,True,False
245,2790,bvolpato_inutils4j,MyStringUtils,213,True,False,False,True,True,True,False,Tool,0,0,0,0,EXPRESSION,False,False,True,True
246,2791,bvolpato_inutils4j,MyStringUtils,214,True,True,False,True,True,True,False,Tool,0,0,0,0,EXPRESSION,False,True,True,False
247,2792,bvolpato_inutils4j,MyStringUtils,215,True,False,False,True,True,True,False,Tool,0,0,0,0,EXPRESSION,False,False,True,True
248,2793,bvolpato_inutils4j,MyStringUtils,216,True,True,False,True,True,True,False,Tool,0,0,0,0,EXPRESSION,False,True,True,False
249,2794,bvolpato_inutils4j,MyStringUtils,217,True,False,False,True,True,True,False,Tool,0,0,0,0,EXPRESSION,False,False,True,True
250,2795,bvolpato_inutils4j,MyStringUtils,218,True,True,False,True,True,True,False,Tool,0,0,0,0,EXPRESSION,False,True,True,False
251,2796,bvolpato_inutils4j,MyStringUtils,219,True,True,False,True,True,True,False,Tool,0,0,0,0,EXPRESSION,False,True,True,False
252,2797,bvolpato_inutils4j,MyStringUtils,220,True,True,False,True,True,True,False,Tool,0,0,0,0,EXPRESSION,False,True,True,False
253,2798,bvolpato_inutils4j,MyStringUtils,221,True,False,False,True,True,True,False,Tool,0,0,0,0,EXPRESSION,False,False,True,True
254,2799,bvolpato_inutils4j,MyStringUtils,222,True,True,False,True,True,True,False,Tool,0,0,0,0,EXPRESSION,False,True,True,False
255,2800,bvolpato_inutils4j,MyStringUtils,223,True,False,False,True,True,True,False,Tool,0,0,0,0,EXPRESSION,False,False,True,True
256,2801,bvolpato_inutils4j,MyStringUtils,224,True,True,False,True,True,True,False,Tool,0,0,0,0,EXPRESSION,False,True,True,False
257,2802,bvolpato_inutils4j,MyStringUtils,225,True,False,False,True,True,True,False,Tool,0,0,0,0,EXPRESSION,False,False,True,True
258,2803,bvolpato_inutils4j,MyStringUtils,226,True,True,False,True,True,True,False,Tool,0,0,0,0,EXPRESSION,False,True,True,False
259,2804,bvolpato_inutils4j,MyStringUtils,227,True,False,False,True,True,True,False,Tool,0,0,0,0,EXPRESSION,False,False,True,True
260,2805,bvolpato_inutils4j,MyStringUtils,228,True,True,False,True,True,True,False,Tool,0,0,0,0,EXPRESSION,False,True,True,False
261,2806,bvolpato_inutils4j,MyStringUtils,229,True,False,False,True,True,True,False,Tool,0,0,0,0,EXPRESSION,False,False,True,True
262,2807,bvolpato_inutils4j,MyStringUtils,230,True,True,False,True,True,True,False,Tool,0,0,0,0,EXPRESSION,False,True,True,False
263,2808,bvolpato_inutils4j,MyStringUtils,231,True,True,False,True,True,True,False,Tool,0,0,0,0,EXPRESSION,False,True,True,False
264,2809,bvolpato_inutils4j,MyStringUtils,232,True,True,False,True,True,True,False,Tool,0,0,0,0,EXPRESSION,False,True,True,False
265,2810,bvolpato_inutils4j,MyStringUtils,233,True,True,False,True,True,True,False,Tool,0,0,0,0,EXPRESSION,False,True,True,False
266,2811,bvolpato_inutils4j,MyStringUtils,234,True,False,False,True,True,True,False,Tool,0,0,0,0,EXPRESSION,False,False,True,True
267,2812,bvolpato_inutils4j,MyStringUtils,235,True,True,False,True,True,True,False,Tool,0,0,0,0,EXPRESSION,False,True,True,False
268,2813,bvolpato_inutils4j,MyStringUtils,236,True,False,False,True,True,True,False,Tool,0,0,0,0,EXPRESSION,False,False,True,True
269,2814,bvolpato_inutils4j,MyStringUtils,237,True,True,False,True,True,True,False,Tool,0,0,0,0,EXPRESSION,False,True,True,False
270,2815,bvolpato_inutils4j,MyStringUtils,238,True,False,False,True,True,True,False,Tool,0,0,0,0,EXPRESSION,False,False,True,True
271,2816,bvolpato_inutils4j,MyStringUtils,239,True,True,False,True,True,True,False,Tool,0,0,0,0,EXPRESSION,False,True,True,False
272,2817,bvolpato_inutils4j,MyStringUtils,240,True,True,False,True,True,True,False,Tool,0,0,0,0,EXPRESSION,False,True,True,False
273,2818,bvolpato_inutils4j,MyStringUtils,241,True,True,False,True,True,True,False,Tool,0,0,0,0,EXPRESSION,False,True,True,False
274,2819,bvolpato_inutils4j,MyStringUtils,242,True,True,False,True,True,True,False,Tool,0,0,0,0,EXPRESSION,False,True,True,False
275,2820,bvolpato_inutils4j,MyStringUtils,243,True,True,False,True,True,True,False,Tool,0,0,0,0,EXPRESSION,False,True,True,False
276,2821,bvolpato_inutils4j,MyStringUtils,244,True,False,False,True,True,True,False,Tool,0,0,0,0,EXPRESSION,False,False,True,True
277,2822,bvolpato_inutils4j,MyStringUtils,245,True,True,False,True,True,True,False,Tool,0,0,0,0,EXPRESSION,False,True,True,False
278,2823,bvolpato_inutils4j,MyStringUtils,246,True,False,False,True,True,True,False,Tool,0,0,0,0,EXPRESSION,False,False,True,True
279,2824,bvolpato_inutils4j,MyStringUtils,247,True,True,False,True,True,True,False,Tool,0,0,0,0,EXPRESSION,False,True,True,False
280,2825,bvolpato_inutils4j,MyStringUtils,248,True,False,False,True,True,True,False,Tool,0,0,0,0,EXPRESSION,False,False,True,True
281,2827,bvolpato_inutils4j,MyStringUtils,250,True,False,False,True,True,True,False,Tool,0,0,0,0,EXPRESSION,False,False,True,True
282,2828,bvolpato_inutils4j,MyStringUtils,251,True,True,False,True,True,True,False,Tool,0,0,0,0,EXPRESSION,False,True,True,False
283,2829,bvolpato_inutils4j,MyStringUtils,252,True,True,False,True,True,True,False,Tool,0,0,0,0,EXPRESSION,False,True,True,False
284,2830,bvolpato_inutils4j,MyStringUtils,253,True,True,False,True,True,True,False,Tool,0,0,0,0,EXPRESSION,False,True,True,False
285,2832,bvolpato_inutils4j,MyStringUtils,255,True,False,False,True,True,True,False,Tool,0,0,0,0,EXPRESSION,False,False,True,True
286,2833,bvolpato_inutils4j,MyStringUtils,256,True,True,False,True,True,True,False,Tool,0,0,0,0,EXPRESSION,False,True,True,False
287,2834,bvolpato_inutils4j,MyStringUtils,257,True,False,False,True,True,True,False,Tool,0,0,0,0,EXPRESSION,False,False,True,True
288,2835,bvolpato_inutils4j,MyStringUtils,258,True,True,False,True,True,True,False,Tool,0,0,0,0,EXPRESSION,False,True,True,False
289,2836,bvolpato_inutils4j,MyStringUtils,259,True,False,False,True,True,True,False,Tool,0,0,0,0,EXPRESSION,False,False,True,True
290,2837,bvolpato_inutils4j,MyStringUtils,260,True,True,False,True,True,True,False,Tool,0,0,0,0,EXPRESSION,False,True,True,False
291,2838,bvolpato_inutils4j,MyStringUtils,261,True,False,False,True,True,True,False,Tool,0,0,0,0,EXPRESSION,False,False,True,True
292,2839,bvolpato_inutils4j,MyStringUtils,262,True,True,False,True,True,True,False,Tool,0,0,0,0,EXPRESSION,False,True,True,False
293,2840,bvolpato_inutils4j,MyStringUtils,263,True,True,False,True,True,True,False,Tool,0,0,0,0,EXPRESSION,False,True,True,False
294,2841,bvolpato_inutils4j,MyStringUtils,264,True,False,False,True,True,True,False,Tool,0,0,0,0,EXPRESSION,False,False,True,True
295,2842,bvolpato_inutils4j,MyStringUtils,265,True,True,False,True,True,True,False,Tool,0,0,0,0,EXPRESSION,False,True,True,False
296,2843,bvolpato_inutils4j,MyStringUtils,266,True,False,False,True,True,True,False,Tool,0,0,0,0,EXPRESSION,False,False,True,True
297,2844,bvolpato_inutils4j,MyStringUtils,267,True,True,False,True,True,True,False,Tool,0,0,0,0,EXPRESSION,False,True,True,False
298,2845,bvolpato_inutils4j,MyStringUtils,268,True,False,False,True,True,True,False,Tool,0,0,0,0,EXPRESSION,False,False,True,True
299,2846,bvolpato_inutils4j,MyStringUtils,269,True,True,False,True,True,True,False,Tool,0,0,0,0,EXPRESSION,False,True,True,False
300,2847,bvolpato_inutils4j,MyStringUtils,270,True,True,False,True,True,True,False,Tool,0,0,0,0,EXPRESSION,False,True,True,False
301,2848,bvolpato_inutils4j,MyStringUtils,271,True,True,False,True,True,True,False,Tool,0,0,0,0,EXPRESSION,False,True,True,False
302,2849,bvolpato_inutils4j,MyStringUtils,272,True,False,False,True,True,True,False,Tool,0,0,0,0,EXPRESSION,False,False,True,True
303,2850,bvolpato_inutils4j,MyStringUtils,273,True,True,False,True,True,True,False,Tool,0,0,0,0,EXPRESSION,False,True,True,False
304,2851,bvolpato_inutils4j,MyStringUtils,274,True,False,False,True,True,True,False,Tool,0,0,0,0,EXPRESSION,False,False,True,True
305,2852,bvolpato_inutils4j,MyStringUtils,275,True,True,False,True,True,True,False,Tool,0,0,0,0,EXPRESSION,False,True,True,False
306,2853,bvolpato_inutils4j,MyStringUtils,276,True,False,False,True,True,True,False,Tool,0,0,0,0,EXPRESSION,False,False,True,True
307,2854,bvolpato_inutils4j,MyStringUtils,277,True,True,False,True,True,True,False,Tool,0,0,0,0,EXPRESSION,False,True,True,False
308,2855,bvolpato_inutils4j,MyStringUtils,278,True,False,False,True,True,True,False,Tool,0,0,0,0,EXPRESSION,False,False,True,True
309,2856,bvolpato_inutils4j,MyStringUtils,279,True,True,False,True,True,True,False,Tool,0,0,0,0,EXPRESSION,False,True,True,False
310,2857,bvolpato_inutils4j,MyStringUtils,280,True,False,False,True,True,True,False,Tool,0,0,0,0,EXPRESSION,False,False,True,True
311,2858,bvolpato_inutils4j,MyStringUtils,281,True,True,False,True,True,True,False,Tool,0,0,0,0,EXPRESSION,False,True,True,False
312,2859,bvolpato_inutils4j,MyStringUtils,282,True,True,False,True,True,True,False,Tool,0,0,0,0,EXPRESSION,False,True,True,False
313,2860,bvolpato_inutils4j,MyStringUtils,283,True,True,False,True,True,True,False,Tool,0,0,0,0,EXPRESSION,False,True,True,False
314,2861,bvolpato_inutils4j,MyStringUtils,284,True,True,False,True,True,True,False,Tool,0,0,0,0,EXPRESSION,False,True,True,False
315,2862,bvolpato_inutils4j,MyStringUtils,285,True,False,False,True,True,True,False,Tool,0,0,0,0,EXPRESSION,False,False,True,True
316,2863,bvolpato_inutils4j,MyStringUtils,286,True,True,False,True,True,True,False,Tool,0,0,0,0,EXPRESSION,False,True,True,False
317,2864,bvolpato_inutils4j,MyStringUtils,287,True,False,False,True,True,True,False,Tool,0,0,0,0,EXPRESSION,False,False,True,True
318,2865,bvolpato_inutils4j,MyStringUtils,288,True,True,False,True,True,True,False,Tool,0,0,0,0,EXPRESSION,False,True,True,False
319,2866,bvolpato_inutils4j,MyStringUtils,289,True,False,False,True,True,True,False,Tool,0,0,0,0,EXPRESSION,False,False,True,True
320,2867,bvolpato_inutils4j,MyStringUtils,290,True,True,False,True,True,True,False,Tool,0,0,0,0,EXPRESSION,False,True,True,False
321,2868,bvolpato_inutils4j,MyStringUtils,291,True,True,False,True,True,True,False,Tool,0,0,0,0,EXPRESSION,False,True,True,False
322,2869,bvolpato_inutils4j,MyStringUtils,292,True,True,False,True,True,True,False,Tool,0,0,0,0,EXPRESSION,False,True,True,False
323,2870,bvolpato_inutils4j,MyStringUtils,293,True,True,False,True,True,True,False,Tool,0,0,0,0,EXPRESSION,False,True,True,False
324,2871,bvolpato_inutils4j,MyStringUtils,294,True,True,False,True,True,True,False,Tool,0,0,0,0,EXPRESSION,False,True,True,False
325,2872,bvolpato_inutils4j,MyStringUtils,295,True,True,False,True,True,True,False,Tool,0,0,0,0,EXPRESSION,False,True,True,False
326,2873,bvolpato_inutils4j,MyStringUtils,296,True,True,False,True,True,True,False,Tool,0,0,0,0,EXPRESSION,False,True,True,False
327,2874,bvolpato_inutils4j,MyStringUtils,297,True,True,False,True,True,True,False,Tool,0,0,0,0,EXPRESSION,False,True,True,False
328,2875,bvolpato_inutils4j,MyStringUtils,298,True,True,False,True,True,True,False,Tool,0,0,0,0,EXPRESSION,False,True,True,False
329,2876,bvolpato_inutils4j,MyStringUtils,299,True,True,False,True,True,True,False,Tool,0,0,0,0,EXPRESSION,False,True,True,False
330,2877,bvolpato_inutils4j,MyStringUtils,300,True,True,False,True,True,True,False,Tool,0,0,0,0,EXPRESSION,False,True,True,False
331,2878,bvolpato_inutils4j,MyStringUtils,301,True,True,False,True,True,True,False,Tool,0,0,0,0,EXPRESSION,False,True,True,False
332,2879,bvolpato_inutils4j,MyStringUtils,302,True,True,False,True,True,True,False,Tool,0,0,0,0,EXPRESSION,False,True,True,False
333,2880,bvolpato_inutils4j,MyStringUtils,303,True,True,False,True,True,True,False,Tool,0,0,0,0,EXPRESSION,False,True,True,False
334,2881,bvolpato_inutils4j,MyStringUtils,304,True,True,False,True,True,True,False,Tool,0,0,0,0,EXPRESSION,False,True,True,False
335,2882,bvolpato_inutils4j,MyStringUtils,305,True,True,False,True,True,True,False,Tool,0,0,0,0,EXPRESSION,False,True,True,False
336,2883,bvolpato_inutils4j,MyStringUtils,306,True,True,False,True,True,True,False,Tool,0,0,0,0,EXPRESSION,False,True,True,False
337,2884,bvolpato_inutils4j,MyStringUtils,307,True,True,False,True,True,True,False,Tool,0,0,0,0,EXPRESSION,False,True,True,False
338,2885,bvolpato_inutils4j,MyStringUtils,308,True,True,False,True,True,True,False,Tool,0,0,0,0,EXPRESSION,False,True,True,False
339,2886,bvolpato_inutils4j,MyStringUtils,309,True,True,False,True,True,True,False,Tool,0,0,0,0,EXPRESSION,False,True,True,False
340,2887,bvolpato_inutils4j,MyStringUtils,310,True,True,False,True,True,True,False,Tool,0,0,0,0,EXPRESSION,False,True,True,False
341,2888,bvolpato_inutils4j,MyStringUtils,311,True,True,False,True,True,True,False,Tool,0,0,0,0,EXPRESSION,False,True,True,False
342,2889,bvolpato_inutils4j,MyStringUtils,312,True,True,False,True,True,True,False,Tool,0,0,0,0,EXPRESSION,False,True,True,False
343,2890,bvolpato_inutils4j,MyStringUtils,313,True,True,False,True,True,True,False,Tool,0,0,0,0,EXPRESSION,False,True,True,False
344,2891,bvolpato_inutils4j,MyStringUtils,314,True,True,False,True,True,True,False,Tool,0,0,0,0,EXPRESSION,False,True,True,False
345,2892,bvolpato_inutils4j,MyStringUtils,315,True,True,False,True,True,True,False,Tool,0,0,0,0,EXPRESSION,False,True,True,False
346,2893,bvolpato_inutils4j,MyStringUtils,316,True,True,False,True,True,True,False,Tool,0,0,0,0,EXPRESSION,False,True,True,False
347,2894,bvolpato_inutils4j,MyStringUtils,317,True,True,False,True,True,True,False,Tool,0,0,0,0,EXPRESSION,False,True,True,False
348,2895,bvolpato_inutils4j,MyStringUtils,318,True,True,False,True,True,True,False,Tool,0,0,0,0,EXPRESSION,False,True,True,False
349,2896,bvolpato_inutils4j,MyStringUtils,319,True,True,False,True,True,True,False,Tool,0,0,0,0,EXPRESSION,False,True,True,False
350,2897,bvolpato_inutils4j,MyStringUtils,320,True,True,False,True,True,True,False,Tool,0,0,0,0,EXPRESSION,False,True,True,False
351,2898,bvolpato_inutils4j,MyStringUtils,321,True,True,False,True,True,True,False,Tool,0,0,0,0,EXPRESSION,False,True,True,False
352,2899,bvolpato_inutils4j,MyStringUtils,322,True,True,False,True,True,True,False,Tool,0,0,0,0,EXPRESSION,False,True,True,False
353,2900,bvolpato_inutils4j,MyStringUtils,323,True,True,False,True,True,True,False,Tool,0,0,0,0,EXPRESSION,False,True,True,False
354,2901,bvolpato_inutils4j,MyStringUtils,324,True,True,False,True,True,True,False,Tool,0,0,0,0,EXPRESSION,False,True,True,False
355,2902,bvolpato_inutils4j,MyStringUtils,325,True,True,False,True,True,True,False,Tool,0,0,0,0,EXPRESSION,False,True,True,False
356,2903,bvolpato_inutils4j,MyStringUtils,326,True,True,False,True,True,True,False,Tool,0,0,0,0,EXPRESSION,False,True,True,False
357,2904,bvolpato_inutils4j,MyStringUtils,327,True,True,False,True,True,True,False,Tool,0,0,0,0,EXPRESSION,False,True,True,False
358,2905,bvolpato_inutils4j,MyStringUtils,328,True,True,False,True,True,True,False,Tool,0,0,0,0,EXPRESSION,False,True,True,False
359,2906,bvolpato_inutils4j,MyStringUtils,329,True,True,False,True,True,True,False,Tool,0,0,0,0,EXPRESSION,False,True,True,False
360,2907,bvolpato_inutils4j,MyStringUtils,330,True,True,False,True,True,True,False,Tool,0,0,0,0,EXPRESSION,False,True,True,False
361,2908,bvolpato_inutils4j,MyStringUtils,331,True,True,False,True,True,True,False,Tool,0,0,0,0,EXPRESSION,False,True,True,False
362,2909,bvolpato_inutils4j,MyStringUtils,332,True,True,False,True,True,True,False,Tool,0,0,0,0,EXPRESSION,False,True,True,False
363,2910,bvolpato_inutils4j,MyStringUtils,333,True,True,False,True,True,True,False,Tool,0,0,0,0,EXPRESSION,False,True,True,False
364,2911,bvolpato_inutils4j,MyStringUtils,334,True,True,False,True,True,True,False,Tool,0,0,0,0,EXPRESSION,False,True,True,False
365,2912,bvolpato_inutils4j,MyStringUtils,335,True,True,False,True,True,True,False,Tool,0,0,0,0,EXPRESSION,False,True,True,False
366,2913,bvolpato_inutils4j,MyStringUtils,336,True,True,False,True,True,True,False,Tool,0,0,0,0,EXPRESSION,False,True,True,False
367,2914,bvolpato_inutils4j,MyStringUtils,337,True,True,False,True,True,True,False,Tool,0,0,0,0,EXPRESSION,False,True,True,False
368,2915,bvolpato_inutils4j,MyStringUtils,338,True,True,False,True,True,True,False,Tool,0,0,0,0,EXPRESSION,False,True,True,False
369,2916,bvolpato_inutils4j,MyStringUtils,339,True,True,False,True,True,True,False,Tool,0,0,0,0,EXPRESSION,False,True,True,False
370,2917,bvolpato_inutils4j,MyStringUtils,340,True,True,False,True,True,True,False,Tool,0,0,0,0,EXPRESSION,False,True,True,False
371,2918,bvolpato_inutils4j,MyStringUtils,341,True,True,False,True,True,True,False,Tool,0,0,0,0,EXPRESSION,False,True,True,False
372,2919,bvolpato_inutils4j,MyStringUtils,342,True,True,False,True,True,True,False,Tool,0,0,0,0,EXPRESSION,False,True,True,False
373,2920,bvolpato_inutils4j,MyStringUtils,343,True,True,False,True,True,True,False,Tool,0,0,0,0,EXPRESSION,False,True,True,False
374,2921,bvolpato_inutils4j,MyStringUtils,344,True,True,False,True,True,True,False,Tool,0,0,0,0,EXPRESSION,False,True,True,False
375,2922,bvolpato_inutils4j,MyStringUtils,345,True,True,False,True,True,True,False,Tool,0,0,0,0,EXPRESSION,False,True,True,False
376,2923,bvolpato_inutils4j,MyStringUtils,346,True,True,False,True,True,True,False,Tool,0,0,0,0,EXPRESSION,False,True,True,False
377,2924,bvolpato_inutils4j,MyStringUtils,347,True,True,False,True,True,True,False,Tool,0,0,0,0,EXPRESSION,False,True,True,False
378,2925,bvolpato_inutils4j,MyStringUtils,348,True,True,False,True,True,True,False,Tool,0,0,0,0,EXPRESSION,False,True,True,False
379,2926,bvolpato_inutils4j,MyStringUtils,349,True,True,False,True,True,True,False,Tool,0,0,0,0,EXPRESSION,False,True,True,False
380,2927,bvolpato_inutils4j,MyStringUtils,350,True,True,False,True,True,True,False,Tool,0,0,0,0,EXPRESSION,False,True,True,False
381,2928,bvolpato_inutils4j,MyStringUtils,351,True,True,False,True,True,True,False,Tool,0,0,0,0,EXPRESSION,False,True,True,False
382,2929,bvolpato_inutils4j,MyStringUtils,352,True,True,False,True,True,True,False,Tool,0,0,0,0,EXPRESSION,False,True,True,False
383,2930,bvolpato_inutils4j,MyStringUtils,353,True,True,False,True,True,True,False,Tool,0,0,0,0,EXPRESSION,False,True,True,False
384,2931,bvolpato_inutils4j,MyStringUtils,354,True,True,False,True,True,True,False,Tool,0,0,0,0,EXPRESSION,False,True,True,False
385,2932,bvolpato_inutils4j,MyStringUtils,355,True,True,False,True,True,True,False,Tool,0,0,0,0,EXPRESSION,False,True,True,False
386,2933,bvolpato_inutils4j,MyStringUtils,356,True,True,False,True,True,True,False,Tool,0,0,0,0,EXPRESSION,False,True,True,False
387,2934,bvolpato_inutils4j,MyStringUtils,357,True,True,False,True,True,True,False,Tool,0,0,0,0,EXPRESSION,False,True,True,False
388,2935,bvolpato_inutils4j,MyStringUtils,358,True,True,False,True,True,True,False,Tool,0,0,0,0,EXPRESSION,False,True,True,False
389,2936,bvolpato_inutils4j,MyStringUtils,359,True,True,False,True,True,True,False,Tool,0,0,0,0,EXPRESSION,False,True,True,False
390,2937,bvolpato_inutils4j,MyStringUtils,360,True,True,False,True,True,True,False,Tool,0,0,0,0,EXPRESSION,False,True,True,False
391,2938,bvolpato_inutils4j,MyStringUtils,361,True,True,False,True,True,True,False,Tool,0,0,0,0,EXPRESSION,False,True,True,False
392,2939,bvolpato_inutils4j,MyStringUtils,362,True,True,False,True,True,True,False,Tool,0,0,0,0,EXPRESSION,False,True,True,False
393,2940,bvolpato_inutils4j,MyStringUtils,363,True,True,False,True,True,True,False,Tool,0,0,0,0,EXPRESSION,False,True,True,False
394,2941,bvolpato_inutils4j,MyStringUtils,364,True,True,False,True,True,True,False,Tool,0,0,0,0,EXPRESSION,False,True,True,False
395,2942,bvolpato_inutils4j,MyStringUtils,365,True,True,False,True,True,True,False,Tool,0,0,0,0,EXPRESSION,False,True,True,False
396,2943,bvolpato_inutils4j,MyStringUtils,366,True,True,False,True,True,True,False,Tool,0,0,0,0,EXPRESSION,False,True,True,False
397,2944,bvolpato_inutils4j,MyStringUtils,367,True,True,False,True,True,True,False,Tool,0,0,0,0,EXPRESSION,False,True,True,False
398,2945,bvolpato_inutils4j,MyStringUtils,368,True,True,False,True,True,True,False,Tool,0,0,0,0,EXPRESSION,False,True,True,False
399,2946,bvolpato_inutils4j,MyStringUtils,369,True,True,False,True,True,True,False,Tool,0,0,0,0,EXPRESSION,False,True,True,False
400,2947,bvolpato_inutils4j,MyStringUtils,370,True,True,False,True,True,True,False,Tool,0,0,0,0,EXPRESSION,False,True,True,False
401,2948,bvolpato_inutils4j,MyStringUtils,371,True,True,False,True,True,True,False,Tool,0,0,0,0,EXPRESSION,False,True,True,False
402,2949,bvolpato_inutils4j,MyStringUtils,372,True,True,False,True,True,True,False,Tool,0,0,0,0,EXPRESSION,False,True,True,False
403,2950,bvolpato_inutils4j,MyStringUtils,373,True,True,False,True,True,True,False,Tool,0,0,0,0,EXPRESSION,False,True,True,False
404,2951,bvolpato_inutils4j,MyStringUtils,374,True,True,False,True,True,True,False,Tool,0,0,0,0,EXPRESSION,False,True,True,False
405,2952,bvolpato_inutils4j,MyStringUtils,375,True,True,False,True,True,True,False,Tool,0,0,0,0,EXPRESSION,False,True,True,False
406,2953,bvolpato_inutils4j,MyStringUtils,376,True,True,False,True,True,True,False,Tool,0,0,0,0,EXPRESSION,False,True,True,False
407,2954,bvolpato_inutils4j,MyStringUtils,377,True,True,False,True,True,True,False,Tool,0,0,0,0,EXPRESSION,False,True,True,False
408,2955,bvolpato_inutils4j,MyStringUtils,378,True,True,False,True,True,True,False,Tool,0,0,0,0,EXPRESSION,False,True,True,False
409,2956,bvolpato_inutils4j,MyStringUtils,379,True,True,False,True,True,True,False,Tool,0,0,0,0,EXPRESSION,False,True,True,False
410,2957,bvolpato_inutils4j,MyStringUtils,380,True,True,False,True,True,True,False,Tool,0,0,0,0,EXPRESSION,False,True,True,False
411,2958,bvolpato_inutils4j,MyStringUtils,381,True,True,False,True,True,True,False,Tool,0,0,0,0,EXPRESSION,False,True,True,False
412,2959,bvolpato_inutils4j,MyStringUtils,382,True,True,False,True,True,True,False,Tool,0,0,0,0,EXPRESSION,False,True,True,False
413,2960,bvolpato_inutils4j,MyStringUtils,383,True,True,False,True,True,True,False,Tool,0,0,0,0,EXPRESSION,False,True,True,False
414,2961,bvolpato_inutils4j,MyStringUtils,384,True,True,False,True,True,True,False,Tool,0,0,0,0,EXPRESSION,False,True,True,False
415,2962,bvolpato_inutils4j,MyStringUtils,385,True,True,False,True,True,True,False,Tool,0,0,0,0,EXPRESSION,False,True,True,False
416,2963,bvolpato_inutils4j,MyStringUtils,386,True,True,False,True,True,True,False,Tool,0,0,0,0,EXPRESSION,False,True,True,False
417,2964,bvolpato_inutils4j,MyStringUtils,387,True,True,False,True,True,True,False,Tool,0,0,0,0,EXPRESSION,False,True,True,False
418,2965,bvolpato_inutils4j,MyStringUtils,388,True,True,False,True,True,True,False,Tool,0,0,0,0,EXPRESSION,False,True,True,False
419,2966,bvolpato_inutils4j,MyStringUtils,389,True,True,False,True,True,True,False,Tool,0,0,0,0,EXPRESSION,False,True,True,False
420,2967,bvolpato_inutils4j,MyStringUtils,390,True,True,False,True,True,True,False,Tool,0,0,0,0,EXPRESSION,False,True,True,False
421,2968,bvolpato_inutils4j,MyStringUtils,391,True,True,False,True,True,True,False,Tool,0,0,0,0,EXPRESSION,False,True,True,False
422,2969,bvolpato_inutils4j,MyStringUtils,392,True,True,False,True,True,True,False,Tool,0,0,0,0,EXPRESSION,False,True,True,False
423,2970,bvolpato_inutils4j,MyStringUtils,393,True,True,False,True,True,True,False,Tool,0,0,0,0,EXPRESSION,False,True,True,False
424,2971,bvolpato_inutils4j,MyStringUtils,394,True,True,False,True,True,True,False,Tool,0,0,0,0,EXPRESSION,False,True,True,False
425,2972,bvolpato_inutils4j,MyStringUtils,395,True,True,False,True,True,True,False,Tool,0,0,0,0,EXPRESSION,False,True,True,False
426,2973,bvolpato_inutils4j,MyStringUtils,396,True,True,False,True,True,True,False,Tool,0,0,0,0,EXPRESSION,False,True,True,False
427,2974,bvolpato_inutils4j,MyStringUtils,397,True,True,False,True,True,True,False,Tool,0,0,0,0,EXPRESSION,False,True,True,False
428,2975,bvolpato_inutils4j,MyStringUtils,398,True,True,False,True,True,True,False,Tool,0,0,0,0,EXPRESSION,False,True,True,False
429,2976,bvolpato_inutils4j,MyStringUtils,399,True,True,False,True,True,True,False,Tool,0,0,0,0,EXPRESSION,False,True,True,False
430,2977,bvolpato_inutils4j,MyStringUtils,400,True,True,False,True,True,True,False,Tool,0,0,0,0,EXPRESSION,False,True,True,False
431,2978,bvolpato_inutils4j,MyStringUtils,401,True,True,False,True,True,True,False,Tool,0,0,0,0,EXPRESSION,False,True,True,False
432,2979,bvolpato_inutils4j,MyStringUtils,402,True,True,False,True,True,True,False,Tool,0,0,0,0,EXPRESSION,False,True,True,False
433,2980,bvolpato_inutils4j,MyStringUtils,403,True,True,False,True,True,True,False,Tool,0,0,0,0,EXPRESSION,False,True,True,False
434,2981,bvolpato_inutils4j,MyStringUtils,404,True,True,False,True,True,True,False,Tool,0,0,0,0,EXPRESSION,False,True,True,False
435,2982,bvolpato_inutils4j,MyStringUtils,405,True,True,False,True,True,True,False,Tool,0,0,0,0,EXPRESSION,False,True,True,False
436,2983,bvolpato_inutils4j,MyStringUtils,406,True,True,False,True,True,True,False,Tool,0,0,0,0,EXPRESSION,False,True,True,False
437,2984,bvolpato_inutils4j,MyStringUtils,407,True,True,False,True,True,True,False,Tool,0,0,0,0,EXPRESSION,False,True,True,False
438,2985,bvolpato_inutils4j,MyStringUtils,408,True,True,False,True,True,True,False,Tool,0,0,0,0,EXPRESSION,False,True,True,False
439,2986,bvolpato_inutils4j,MyStringUtils,409,True,True,False,True,True,True,False,Tool,0,0,0,0,EXPRESSION,False,True,True,False
440,2987,bvolpato_inutils4j,MyStringUtils,410,True,True,False,True,True,True,False,Tool,0,0,0,0,EXPRESSION,False,True,True,False
441,2988,bvolpato_inutils4j,MyStringUtils,411,True,True,False,True,True,True,False,Tool,0,0,0,0,EXPRESSION,False,True,True,False
442,2989,bvolpato_inutils4j,MyStringUtils,412,True,True,False,True,True,True,False,Tool,0,0,0,0,EXPRESSION,False,True,True,False
443,2990,bvolpato_inutils4j,MyStringUtils,413,True,True,False,True,True,True,False,Tool,0,0,0,0,EXPRESSION,False,True,True,False
444,2991,bvolpato_inutils4j,MyStringUtils,414,True,True,False,True,True,True,False,Tool,0,0,0,0,EXPRESSION,False,True,True,False
445,2992,bvolpato_inutils4j,MyStringUtils,415,True,True,False,True,True,True,False,Tool,0,0,0,0,EXPRESSION,False,True,True,False
446,2993,bvolpato_inutils4j,MyStringUtils,416,True,True,False,True,True,True,False,Tool,0,0,0,0,EXPRESSION,False,True,True,False
447,2994,bvolpato_inutils4j,MyStringUtils,417,True,True,False,True,True,True,False,Tool,0,0,0,0,EXPRESSION,False,True,True,False
448,2995,bvolpato_inutils4j,MyStringUtils,418,True,True,False,True,True,True,False,Tool,0,0,0,0,EXPRESSION,False,True,True,False
449,2996,bvolpato_inutils4j,MyStringUtils,419,True,True,False,True,True,True,False,Tool,0,0,0,0,EXPRESSION,False,True,True,False
450,2997,bvolpato_inutils4j,MyStringUtils,420,True,True,False,True,True,True,False,Tool,0,0,0,0,EXPRESSION,False,True,True,False
451,2998,bvolpato_inutils4j,MyStringUtils,421,True,True,False,True,True,True,False,Tool,0,0,0,0,EXPRESSION,False,True,True,False
452,2999,bvolpato_inutils4j,MyStringUtils,422,True,True,False,True,True,True,False,Tool,0,0,0,0,EXPRESSION,False,True,True,False
453,3000,bvolpato_inutils4j,MyStringUtils,423,True,True,False,True,True,True,False,Tool,0,0,0,0,EXPRESSION,False,True,True,False
454,3001,bvolpato_inutils4j,MyStringUtils,424,True,True,False,True,True,True,False,Tool,0,0,0,0,EXPRESSION,False,True,True,False
455,3002,bvolpato_inutils4j,MyStringUtils,425,True,True,False,True,True,True,False,Tool,0,0,0,0,EXPRESSION,False,True,True,False
456,3003,bvolpato_inutils4j,MyStringUtils,426,True,True,False,True,True,True,False,Tool,0,0,0,0,EXPRESSION,False,True,True,False
457,3004,bvolpato_inutils4j,MyStringUtils,427,True,True,False,True,True,True,False,Tool,0,0,0,0,EXPRESSION,False,True,True,False
458,3005,bvolpato_inutils4j,MyStringUtils,428,True,True,False,True,True,True,False,Tool,0,0,0,0,EXPRESSION,False,True,True,False
459,3006,bvolpato_inutils4j,MyStringUtils,429,True,True,False,True,True,True,False,Tool,0,0,0,0,EXPRESSION,False,True,True,False
460,3007,bvolpato_inutils4j,MyStringUtils,430,True,True,False,True,True,True,False,Tool,0,0,0,0,EXPRESSION,False,True,True,False
461,3008,bvolpato_inutils4j,MyStringUtils,431,True,True,False,True,True,True,False,Tool,0,0,0,0,EXPRESSION,False,True,True,False
462,3009,bvolpato_inutils4j,MyStringUtils,432,True,True,False,True,True,True,False,Tool,0,0,0,0,EXPRESSION,False,True,True,False
463,3010,bvolpato_inutils4j,MyStringUtils,433,True,True,False,True,True,True,False,Tool,0,0,0,0,EXPRESSION,False,True,True,False
464,3011,bvolpato_inutils4j,MyStringUtils,434,True,True,False,True,True,True,False,Tool,0,0,0,0,EXPRESSION,False,True,True,False
465,3012,bvolpato_inutils4j,MyStringUtils,435,True,True,False,True,True,True,False,Tool,0,0,0,0,EXPRESSION,False,True,True,False
466,3013,bvolpato_inutils4j,MyStringUtils,436,True,True,False,True,True,True,False,Tool,0,0,0,0,EXPRESSION,False,True,True,False
467,3014,bvolpato_inutils4j,MyStringUtils,437,True,True,False,True,True,True,False,Tool,0,0,0,0,EXPRESSION,False,True,True,False
468,3015,bvolpato_inutils4j,MyStringUtils,438,True,True,False,True,True,True,False,Tool,0,0,0,0,EXPRESSION,False,True,True,False
469,3016,bvolpato_inutils4j,MyStringUtils,439,True,True,False,True,True,True,False,Tool,0,0,0,0,EXPRESSION,False,True,True,False
470,3017,bvolpato_inutils4j,MyStringUtils,440,True,True,False,True,True,True,False,Tool,0,0,0,0,EXPRESSION,False,True,True,False
471,3018,bvolpato_inutils4j,MyStringUtils,441,True,True,False,True,True,True,False,Tool,0,0,0,0,EXPRESSION,False,True,True,False
472,3019,bvolpato_inutils4j,MyStringUtils,442,True,True,False,True,True,True,False,Tool,0,0,0,0,EXPRESSION,False,True,True,False
473,3020,bvolpato_inutils4j,MyStringUtils,443,True,True,False,True,True,True,False,Tool,0,0,0,0,EXPRESSION,False,True,True,False
474,3021,bvolpato_inutils4j,MyStringUtils,444,True,True,False,True,True,True,False,Tool,0,0,0,0,EXPRESSION,False,True,True,False
475,3022,bvolpato_inutils4j,MyStringUtils,445,True,True,False,True,True,True,False,Tool,0,0,0,0,EXPRESSION,False,True,True,False
476,3023,bvolpato_inutils4j,MyStringUtils,446,True,True,False,True,True,True,False,Tool,0,0,0,0,EXPRESSION,False,True,True,False
477,3024,bvolpato_inutils4j,MyStringUtils,447,True,True,False,True,True,True,False,Tool,0,0,0,0,EXPRESSION,False,True,True,False
478,3025,bvolpato_inutils4j,MyStringUtils,448,True,True,False,True,True,True,False,Tool,0,0,0,0,EXPRESSION,False,True,True,False
479,3050,bvolpato_inutils4j,MyStringUtils,473,True,True,False,True,True,False,True,Tool,2,1,1,0,IF,False,True,True,False
480,3056,bvolpato_inutils4j,MyStringUtils,479,True,True,False,True,True,False,True,Tool,3,2,1,0,IF,False,True,True,False
481,3163,bvolpato_inutils4j,MyStringUtils,586,True,True,False,True,True,True,False,Tool,2,2,0,0,FOR,False,True,True,False
482,3174,bvolpato_inutils4j,MyStringUtils,597,True,True,False,True,True,False,True,Tool,0,0,0,0,EXPRESSION,False,True,True,False
483,3175,bvolpato_inutils4j,MyStringUtils,598,True,True,False,True,True,False,True,Tool,0,0,0,0,EXPRESSION,False,True,True,False
484,3177,bvolpato_inutils4j,MyStringUtils,600,True,True,False,True,True,False,True,Tool,0,0,0,0,EXPRESSION,False,True,True,False
485,3179,bvolpato_inutils4j,MyStringUtils,602,True,True,False,True,True,False,True,Tool,0,0,0,0,EXPRESSION,False,True,True,False
486,3181,bvolpato_inutils4j,MyStringUtils,604,True,True,False,True,True,False,True,Tool,0,0,0,0,EXPRESSION,False,True,True,False
487,3183,bvolpato_inutils4j,MyStringUtils,606,True,True,False,True,True,False,True,Tool,0,0,0,0,EXPRESSION,False,True,True,False
488,3656,bvolpato_inutils4j,MyStringUtils,1079,True,True,False,True,True,False,True,Tool,2,1,1,0,IF,False,True,True,False
489,3660,bvolpato_inutils4j,MyStringUtils,1083,True,True,False,True,True,False,True,Tool,2,1,1,0,IF,False,True,True,False
490,3743,bvolpato_inutils4j,MyStringUtils,1166,True,False,False,True,True,False,True,Tool,3,1,2,0,IF,False,False,True,True
491,3762,bvolpato_inutils4j,MyStringUtils,1185,True,False,True,True,True,True,False,Tool,0,0,0,0,TRY,True,False,False,True
492,3764,bvolpato_inutils4j,MyStringUtils,1187,True,True,True,True,True,True,True,Tool,1,1,0,0,RETURN,True,True,False,False
493,3767,bvolpato_inutils4j,MyStringUtils,1190,True,True,True,True,True,True,True,Tool,1,1,0,0,RETURN,True,True,False,False
494,3812,bvolpato_inutils4j,MyStringUtils,1235,True,True,False,True,True,True,False,Tool,2,1,1,0,IF,False,True,True,False
495,3816,bvolpato_inutils4j,MyStringUtils,1239,True,True,False,True,True,True,False,Tool,0,0,0,0,EXPRESSION,False,True,True,False
496,3821,bvolpato_inutils4j,MyStringUtils,1244,True,False,True,True,True,True,False,Tool,3,2,1,0,IF,True,False,False,True
497,3889,bvolpato_inutils4j,MyStringUtils,1312,True,False,True,True,True,True,False,Tool,3,3,0,0,FOR,True,False,False,True
498,3890,bvolpato_inutils4j,MyStringUtils,1313,True,False,True,True,True,True,False,Tool,0,0,0,0,TRY,True,False,False,True
499,4047,bvolpato_inutils4j,MyStringUtils,1470,True,False,True,True,True,True,False,Tool,0,0,0,0,VARIABLE_DECLARATION,True,False,False,True
500,4052,bvolpato_inutils4j,MyStringUtils,1475,True,False,True,True,True,True,False,Tool,0,0,0,0,EXPRESSION,True,False,False,True
501,4058,bvolpato_inutils4j,MyStringUtils,1481,True,False,True,True,True,True,False,Tool,0,0,0,0,EXPRESSION,True,False,False,True
502,4064,bvolpato_inutils4j,MyStringUtils,1487,True,False,True,True,True,True,False,Tool,0,0,0,0,EXPRESSION,True,False,False,True
503,4074,bvolpato_inutils4j,MyStringUtils,1497,True,False,True,True,True,True,False,Tool,5,1,1,3,IF,True,False,False,True
504,4169,bvolpato_inutils4j,MyStringUtils,1592,True,False,True,True,True,True,False,Tool,0,0,0,0,TRY,True,False,False,True
505,4366,bvolpato_inutils4j,MyStringUtils,1789,True,True,False,True,True,False,True,Tool,2,0,1,0,WHILE,False,True,True,False
506,4367,bvolpato_inutils4j,MyStringUtils,1790,True,True,False,True,True,False,True,Tool,0,0,0,0,EXPRESSION,False,True,True,False
507,4370,bvolpato_inutils4j,MyStringUtils,1793,True,True,False,True,True,False,True,Tool,2,0,1,0,WHILE,False,True,True,False
508,4374,bvolpato_inutils4j,MyStringUtils,1797,True,True,False,True,True,False,True,Tool,2,0,1,0,WHILE,False,True,True,False
509,4378,bvolpato_inutils4j,MyStringUtils,1801,True,True,False,True,True,False,True,Tool,2,0,1,0,WHILE,False,True,True,False
510,4558,bvolpato_inutils4j,MyStringUtils,1981,True,True,True,True,True,True,True,Tool,1,1,0,0,RETURN,True,True,False,False
511,4567,bvolpato_inutils4j,MyStringUtils,1990,True,True,True,True,True,True,True,Tool,1,1,0,0,RETURN,True,True,False,False
512,4599,bvolpato_inutils4j,MyStringUtils,2022,True,False,False,True,True,False,True,Tool,0,0,0,0,VARIABLE_DECLARATION,False,False,True,True
513,4601,bvolpato_inutils4j,MyStringUtils,2024,True,False,False,True,True,False,True,Tool,3,2,1,0,FOR,False,False,True,True
514,4602,bvolpato_inutils4j,MyStringUtils,2025,True,False,False,True,True,False,True,Tool,1,0,1,0,EXPRESSION,False,False,True,True
515,4605,bvolpato_inutils4j,MyStringUtils,2028,True,False,False,True,True,False,True,Tool,0,0,0,0,FOR_EACH,False,False,True,True
516,4606,bvolpato_inutils4j,MyStringUtils,2029,True,False,False,True,True,False,True,Tool,3,2,1,0,FOR,False,False,True,True
517,4607,bvolpato_inutils4j,MyStringUtils,2030,True,False,False,True,True,False,True,Tool,3,0,3,0,IF,False,False,True,True
518,4608,bvolpato_inutils4j,MyStringUtils,2031,True,False,False,True,True,False,True,Tool,1,0,1,0,EXPRESSION,False,False,True,True
519,4613,bvolpato_inutils4j,MyStringUtils,2036,True,False,True,True,True,True,False,Tool,0,0,0,0,VARIABLE_DECLARATION,True,False,False,True
520,4615,bvolpato_inutils4j,MyStringUtils,2038,True,False,False,True,True,False,True,Tool,3,2,1,0,FOR,False,False,True,True
521,4616,bvolpato_inutils4j,MyStringUtils,2039,True,False,False,True,True,False,True,Tool,0,0,0,0,EXPRESSION,False,False,True,True
522,4617,bvolpato_inutils4j,MyStringUtils,2040,True,False,False,True,True,False,True,Tool,1,0,1,0,EXPRESSION,False,False,True,True
523,4620,bvolpato_inutils4j,MyStringUtils,2043,True,False,False,True,True,False,True,Tool,0,0,0,0,EXPRESSION,False,False,True,True
524,4622,bvolpato_inutils4j,MyStringUtils,2045,True,False,False,True,True,False,True,Tool,3,2,1,0,FOR,False,False,True,True
525,4623,bvolpato_inutils4j,MyStringUtils,2046,True,False,False,True,True,False,True,Tool,1,0,1,0,EXPRESSION,False,False,True,True
526,4626,bvolpato_inutils4j,MyStringUtils,2049,True,False,False,True,True,False,True,Tool,0,0,0,0,EXPRESSION,False,False,True,True
527,4629,bvolpato_inutils4j,MyStringUtils,2052,True,False,False,True,True,False,True,Tool,0,0,0,0,FOR_EACH,False,False,True,True
528,4630,bvolpato_inutils4j,MyStringUtils,2053,True,False,False,True,True,False,True,Tool,3,2,1,0,FOR,False,False,True,True
529,4631,bvolpato_inutils4j,MyStringUtils,2054,True,False,False,True,True,False,True,Tool,0,0,0,0,EXPRESSION,False,False,True,True
530,4632,bvolpato_inutils4j,MyStringUtils,2055,True,False,False,True,True,False,True,Tool,1,0,1,0,EXPRESSION,False,False,True,True
531,4635,bvolpato_inutils4j,MyStringUtils,2058,True,False,False,True,True,False,True,Tool,0,0,0,0,EXPRESSION,False,False,True,True
532,4638,bvolpato_inutils4j,MyStringUtils,2061,True,False,True,True,True,False,True,Tool,1,0,1,0,RETURN,True,False,False,True
533,4677,bvolpato_inutils4j,MyStringUtils,2100,True,True,False,True,True,True,False,Tool,1,1,0,0,RETURN,False,True,True,False
534,4920,decorators-squad_eo-yaml,ReadYamlMapping,144,True,False,True,True,True,True,False,API,0,0,0,0,EXPRESSION,True,False,False,True
535,4924,decorators-squad_eo-yaml,ReadYamlMapping,148,True,True,False,True,True,True,False,API,2,1,1,0,IF,False,True,True,False
536,4931,decorators-squad_eo-yaml,ReadYamlMapping,155,True,True,False,True,True,True,False,API,2,1,1,0,IF,False,True,True,False
537,4972,decorators-squad_eo-yaml,ReadYamlMapping,196,True,False,True,True,True,True,False,API,3,0,3,0,VARIABLE_DECLARATION,True,False,False,True
538,5014,decorators-squad_eo-yaml,ReadYamlMapping,238,True,False,True,True,True,True,False,API,0,0,0,0,VARIABLE_DECLARATION,True,False,False,True
539,5096,decorators-squad_eo-yaml,ReadYamlMapping,320,True,False,True,True,True,True,False,API,2,1,1,0,IF,True,False,False,True
540,5107,decorators-squad_eo-yaml,ReadYamlMapping,331,True,False,False,True,True,True,False,API,0,0,0,0,BREAK,False,False,True,True
541,5319,decorators-squad_eo-yaml,ReadYamlStream,100,True,False,True,True,True,True,False,API,0,0,0,0,FOR_EACH,True,False,False,True
542,5320,decorators-squad_eo-yaml,ReadYamlStream,101,True,False,True,True,True,True,False,API,0,0,0,0,EXPRESSION,True,False,False,True
543,5326,decorators-squad_eo-yaml,ReadYamlStream,107,True,False,False,True,True,True,False,API,0,0,0,0,BREAK,False,False,True,True
544,5402,decorators-squad_eo-yaml,Skip,67,True,False,True,True,True,True,False,API,0,0,0,0,VARIABLE_DECLARATION,True,False,False,True
545,5403,decorators-squad_eo-yaml,Skip,68,True,False,True,True,True,True,False,API,2,1,1,0,IF,True,False,False,True
546,5405,decorators-squad_eo-yaml,Skip,70,True,False,True,True,True,True,False,API,0,0,0,0,VARIABLE_DECLARATION,True,False,False,True
547,5406,decorators-squad_eo-yaml,Skip,71,True,False,True,True,True,True,False,API,2,2,0,0,WHILE,True,False,False,True
548,5407,decorators-squad_eo-yaml,Skip,72,True,False,True,True,True,True,False,API,0,0,0,0,VARIABLE_DECLARATION,True,False,False,True
549,5410,decorators-squad_eo-yaml,Skip,75,True,False,False,True,True,True,False,API,0,0,0,0,EXPRESSION,False,False,True,True
550,5411,decorators-squad_eo-yaml,Skip,76,True,False,True,True,True,True,False,API,3,3,0,0,FOR,True,False,False,True
551,5412,decorators-squad_eo-yaml,Skip,77,True,False,True,True,True,True,False,API,2,2,0,0,IF,True,False,False,True
552,5413,decorators-squad_eo-yaml,Skip,78,True,False,True,True,True,True,False,API,0,0,0,0,EXPRESSION,True,False,False,True
553,5414,decorators-squad_eo-yaml,Skip,79,True,False,False,True,True,True,False,API,0,0,0,0,BREAK,False,False,True,True
554,5417,decorators-squad_eo-yaml,Skip,82,True,False,True,True,True,True,False,API,2,2,0,0,IF,True,False,False,True
555,5418,decorators-squad_eo-yaml,Skip,83,True,False,True,True,True,True,False,API,0,0,0,0,EXPRESSION,True,False,False,True
556,5421,decorators-squad_eo-yaml,Skip,86,True,False,True,True,True,True,False,API,0,0,0,0,EXPRESSION,True,False,False,True
557,5423,decorators-squad_eo-yaml,Skip,88,True,False,True,True,True,True,False,API,1,1,0,0,RETURN,True,False,False,True
558,5638,decorators-squad_eo-yaml,WellIndented,93,True,False,True,True,True,True,False,API,0,0,0,0,VARIABLE_DECLARATION,True,False,False,True
559,5639,decorators-squad_eo-yaml,WellIndented,94,True,False,True,True,True,True,False,API,2,1,1,0,IF,True,False,False,True
560,5640,decorators-squad_eo-yaml,WellIndented,95,True,False,True,True,True,True,False,API,0,0,0,0,EXPRESSION,True,False,False,True
561,5641,decorators-squad_eo-yaml,WellIndented,96,True,False,True,True,True,True,False,API,0,0,0,0,EXPRESSION,True,False,False,True
562,5642,decorators-squad_eo-yaml,WellIndented,97,True,False,True,True,True,True,False,API,2,2,0,0,WHILE,True,False,False,True
563,5643,decorators-squad_eo-yaml,WellIndented,98,True,False,True,True,True,True,False,API,0,0,0,0,VARIABLE_DECLARATION,True,False,False,True
564,5644,decorators-squad_eo-yaml,WellIndented,99,True,False,True,True,True,True,False,API,2,1,1,0,IF,True,False,False,True
565,5647,decorators-squad_eo-yaml,WellIndented,102,True,False,False,True,True,True,False,API,2,1,1,0,IF,False,False,True,True
566,5650,decorators-squad_eo-yaml,WellIndented,105,True,False,True,True,True,True,False,API,0,0,0,0,VARIABLE_DECLARATION,True,False,False,True
567,5651,decorators-squad_eo-yaml,WellIndented,106,True,False,False,True,True,True,False,API,2,1,1,0,IF,False,False,True,True
568,5656,decorators-squad_eo-yaml,WellIndented,111,True,False,True,True,True,True,False,API,2,1,1,0,IF,True,False,False,True
569,5657,decorators-squad_eo-yaml,WellIndented,112,True,False,True,True,True,True,False,API,0,0,0,0,VARIABLE_DECLARATION,True,False,False,True
570,5658,decorators-squad_eo-yaml,WellIndented,113,True,False,True,True,True,True,False,API,2,1,1,0,IF,True,False,False,True
571,5670,decorators-squad_eo-yaml,WellIndented,125,True,False,True,True,True,True,False,API,5,4,1,0,IF,True,False,False,True
572,5671,decorators-squad_eo-yaml,WellIndented,126,True,False,True,True,True,True,False,API,2,2,0,0,IF,True,False,False,True
573,5672,decorators-squad_eo-yaml,WellIndented,127,True,False,True,True,True,True,False,API,0,0,0,0,THROW,True,False,False,True
574,5685,decorators-squad_eo-yaml,WellIndented,140,True,False,True,True,True,True,False,API,0,0,0,0,EXPRESSION,True,False,False,True
575,5686,decorators-squad_eo-yaml,WellIndented,141,True,False,True,True,True,True,False,API,0,0,0,0,EXPRESSION,True,False,False,True
576,5689,decorators-squad_eo-yaml,WellIndented,144,True,False,True,True,True,True,False,API,1,1,0,0,RETURN,True,False,False,True
577,5708,tabulapdf_tabula-java,Cell,11,True,True,False,True,True,False,True,Library,1,0,1,0,EXPRESSION,False,True,True,False
578,5709,tabulapdf_tabula-java,Cell,12,True,True,False,True,True,False,True,Library,1,0,1,0,EXPRESSION,False,True,True,False
579,5783,tabulapdf_tabula-java,Line,24,True,False,True,True,True,True,False,Library,3,3,0,0,IF,True,False,False,True
580,5784,tabulapdf_tabula-java,Line,25,True,False,True,True,True,True,False,Library,0,0,0,0,THROW,True,False,False,True
581,5797,tabulapdf_tabula-java,Line,38,True,True,False,True,True,True,False,Library,0,0,0,0,EXPRESSION,False,True,True,False
582,5813,tabulapdf_tabula-java,Line,54,True,False,True,True,True,True,False,Library,0,0,0,0,VARIABLE_DECLARATION,True,False,False,True
583,5814,tabulapdf_tabula-java,Line,55,True,False,True,True,True,True,False,Library,1,1,0,0,EXPRESSION,True,False,False,True
584,5815,tabulapdf_tabula-java,Line,56,True,False,True,True,True,True,False,Library,0,0,0,0,EXPRESSION,True,False,False,True
585,5816,tabulapdf_tabula-java,Line,57,True,False,True,True,True,True,False,Library,0,0,0,0,FOR_EACH,True,False,False,True
586,5817,tabulapdf_tabula-java,Line,58,True,False,True,True,True,True,False,Library,0,0,0,0,EXPRESSION,True,False,False,True
587,5819,tabulapdf_tabula-java,Line,60,True,False,True,True,True,True,False,Library,0,0,0,0,EXPRESSION,True,False,False,True
588,5820,tabulapdf_tabula-java,Line,61,True,False,True,True,True,True,False,Library,1,1,0,0,RETURN,True,False,False,True
589,5856,tabulapdf_tabula-java,Rectangle,21,False,False,False,True,True,True,False,Library,2,1,1,0,RETURN,False,False,True,True
590,5857,tabulapdf_tabula-java,Rectangle,22,False,False,True,True,True,True,False,Library,3,2,1,0,IF,True,False,False,True
591,5858,tabulapdf_tabula-java,Rectangle,23,False,False,True,True,True,True,False,Library,5,1,2,2,RETURN,True,False,False,True
592,5862,tabulapdf_tabula-java,Rectangle,27,False,False,True,True,True,True,False,Library,1,1,0,0,RETURN,True,False,False,True
593,5885,tabulapdf_tabula-java,Rectangle,50,False,False,True,True,True,True,False,Library,0,0,0,0,RETURN,True,False,False,True
594,5909,tabulapdf_tabula-java,Rectangle,74,False,False,True,True,True,True,False,Library,2,0,2,0,VARIABLE_DECLARATION,True,False,False,True
595,5911,tabulapdf_tabula-java,Rectangle,76,False,False,True,True,True,True,False,Library,6,0,3,3,IF,True,False,False,True
596,5914,tabulapdf_tabula-java,Rectangle,79,False,False,True,True,True,True,False,Library,6,2,4,0,IF,True,False,False,True
597,5916,tabulapdf_tabula-java,Rectangle,81,False,False,True,True,True,True,False,Library,2,2,0,0,EXPRESSION,True,False,False,True
598,5925,tabulapdf_tabula-java,Rectangle,90,False,False,True,True,True,True,False,Library,1,1,0,0,RETURN,True,False,False,True
599,5942,tabulapdf_tabula-java,Rectangle,107,True,True,True,True,True,False,True,Library,1,0,1,0,RETURN,True,True,False,False
600,5999,tabulapdf_tabula-java,Rectangle,164,False,True,True,True,True,False,True,Library,0,0,0,0,VARIABLE_DECLARATION,True,True,False,False
601,6000,tabulapdf_tabula-java,Rectangle,165,False,True,True,True,True,False,True,Library,0,0,0,0,VARIABLE_DECLARATION,True,True,False,False
602,6001,tabulapdf_tabula-java,Rectangle,166,False,True,True,True,True,False,True,Library,0,0,0,0,VARIABLE_DECLARATION,True,True,False,False
603,6002,tabulapdf_tabula-java,Rectangle,167,False,True,True,True,True,False,True,Library,0,0,0,0,VARIABLE_DECLARATION,True,True,False,False
604,6048,tabulapdf_tabula-java,Table,35,True,True,True,True,True,True,True,Library,1,0,1,0,RETURN,True,True,False,False
605,6051,tabulapdf_tabula-java,Table,38,True,True,False,True,True,False,True,Library,0,0,0,0,EXPRESSION,False,True,True,False
606,6056,tabulapdf_tabula-java,Table,43,True,False,False,True,True,True,False,Library,0,0,0,0,VARIABLE_DECLARATION,False,False,True,True
607,6058,tabulapdf_tabula-java,Table,45,True,False,False,True,True,False,True,Library,0,0,0,0,VARIABLE_DECLARATION,False,False,True,True
608,6059,tabulapdf_tabula-java,Table,46,True,False,False,True,True,False,True,Library,2,1,1,0,EXPRESSION,False,False,True,True
609,6060,tabulapdf_tabula-java,Table,47,True,False,False,True,True,False,True,Library,0,0,0,0,EXPRESSION,False,False,True,True
610,6062,tabulapdf_tabula-java,Table,49,True,True,False,True,True,False,True,Library,0,0,0,0,EXPRESSION,False,True,True,False
611,6086,tabulapdf_tabula-java,Table,73,True,True,True,True,True,False,True,Library,0,0,0,0,VARIABLE_DECLARATION,True,True,False,False
612,6162,tabulapdf_tabula-java,TextElement,44,True,False,True,True,True,True,False,Library,1,1,0,0,RETURN,True,False,False,True
613,6166,tabulapdf_tabula-java,TextElement,48,True,False,True,True,True,True,False,Library,1,1,0,0,RETURN,True,False,False,True
614,6170,tabulapdf_tabula-java,TextElement,52,True,False,True,True,True,True,False,Library,1,1,0,0,RETURN,True,False,False,True
615,6199,tabulapdf_tabula-java,TextElement,81,True,False,False,True,True,True,False,Library,1,0,1,0,IF,False,False,True,True
616,6201,tabulapdf_tabula-java,TextElement,83,True,False,False,True,True,True,False,Library,2,1,1,0,IF,False,False,True,True
617,6203,tabulapdf_tabula-java,TextElement,85,True,False,False,True,True,True,False,Library,2,1,1,0,IF,False,False,True,True
618,6205,tabulapdf_tabula-java,TextElement,87,True,False,True,True,True,True,False,Library,0,0,0,0,VARIABLE_DECLARATION,True,False,False,True
619,6206,tabulapdf_tabula-java,TextElement,88,True,False,False,True,True,True,False,Library,0,0,0,0,IF,False,False,True,True
620,6209,tabulapdf_tabula-java,TextElement,91,True,False,False,True,True,True,False,Library,2,1,1,0,IF,False,False,True,True
621,6212,tabulapdf_tabula-java,TextElement,94,True,False,False,True,True,True,False,Library,2,1,1,0,IF,False,False,True,True
622,6214,tabulapdf_tabula-java,TextElement,96,True,False,False,True,True,True,False,Library,0,0,0,0,IF,False,False,True,True
623,6217,tabulapdf_tabula-java,TextElement,99,True,False,False,True,True,True,False,Library,2,1,1,0,IF,False,False,True,True
624,6220,tabulapdf_tabula-java,TextElement,102,True,False,False,True,True,True,False,Library,2,1,1,0,IF,False,False,True,True
625,6222,tabulapdf_tabula-java,TextElement,104,True,False,True,True,True,True,False,Library,1,0,1,0,RETURN,True,False,False,True
626,6239,tabulapdf_tabula-java,TextElement,121,True,True,False,True,True,True,False,Library,2,1,1,0,IF,False,True,True,False
627,6251,tabulapdf_tabula-java,TextElement,133,True,False,True,True,True,True,False,Library,0,0,0,0,VARIABLE_DECLARATION,True,False,False,True
628,6252,tabulapdf_tabula-java,TextElement,134,True,False,True,True,True,True,False,Library,0,0,0,0,VARIABLE_DECLARATION,True,False,False,True
629,6253,tabulapdf_tabula-java,TextElement,135,True,True,False,True,True,True,False,Library,0,0,0,0,VARIABLE_DECLARATION,False,True,True,False
630,6254,tabulapdf_tabula-java,TextElement,136,True,False,False,True,True,True,False,Library,0,0,0,0,VARIABLE_DECLARATION,False,False,True,True
631,6255,tabulapdf_tabula-java,TextElement,137,True,False,False,True,True,True,False,Library,0,0,0,0,VARIABLE_DECLARATION,False,False,True,True
632,6256,tabulapdf_tabula-java,TextElement,138,True,False,True,True,True,True,False,Library,0,0,0,0,VARIABLE_DECLARATION,True,False,False,True
633,6269,tabulapdf_tabula-java,TextElement,151,True,False,True,True,True,True,False,Library,0,0,0,0,CONTINUE,True,False,False,True
634,6274,tabulapdf_tabula-java,TextElement,156,True,False,True,True,True,True,False,Library,0,0,0,0,CONTINUE,True,False,False,True
635,6279,tabulapdf_tabula-java,TextElement,161,True,False,False,True,True,True,False,Library,4,0,4,0,IF,False,False,True,True
636,6280,tabulapdf_tabula-java,TextElement,162,True,False,False,True,True,True,False,Library,0,0,0,0,EXPRESSION,False,False,True,True
637,6284,tabulapdf_tabula-java,TextElement,166,True,False,True,True,True,True,False,Library,0,0,0,0,EXPRESSION,True,False,False,True
638,6285,tabulapdf_tabula-java,TextElement,167,True,True,False,True,True,True,False,Library,0,0,0,0,FOR_EACH,False,True,True,False
639,6297,tabulapdf_tabula-java,TextElement,179,True,False,True,True,True,True,False,Library,0,0,0,0,EXPRESSION,True,False,False,True
640,6298,tabulapdf_tabula-java,TextElement,180,True,False,True,True,True,True,False,Library,0,0,0,0,EXPRESSION,True,False,False,True
641,6299,tabulapdf_tabula-java,TextElement,181,True,False,True,True,True,True,False,Library,4,2,2,0,IF,True,False,False,True
642,6301,tabulapdf_tabula-java,TextElement,183,True,False,True,True,True,True,False,Library,3,0,3,0,IF,True,False,False,True
643,6302,tabulapdf_tabula-java,TextElement,184,True,False,True,True,True,True,False,Library,1,0,1,0,EXPRESSION,True,False,False,True
644,6304,tabulapdf_tabula-java,TextElement,186,True,False,False,True,True,True,False,Library,3,3,0,0,EXPRESSION,False,False,True,True
645,6312,tabulapdf_tabula-java,TextElement,194,True,False,True,True,True,True,False,Library,3,0,3,0,IF,True,False,False,True
646,6313,tabulapdf_tabula-java,TextElement,195,True,False,True,True,True,True,False,Library,1,0,1,0,EXPRESSION,True,False,False,True
647,6315,tabulapdf_tabula-java,TextElement,197,True,False,True,True,True,True,False,Library,3,1,2,0,EXPRESSION,True,False,False,True
648,6317,tabulapdf_tabula-java,TextElement,199,True,False,True,True,True,True,False,Library,1,0,1,0,EXPRESSION,True,False,False,True
649,6321,tabulapdf_tabula-java,TextElement,203,True,False,True,True,True,True,False,Library,0,0,0,0,EXPRESSION,True,False,False,True
650,6323,tabulapdf_tabula-java,TextElement,205,True,False,True,True,True,True,False,Library,2,1,1,0,IF,True,False,False,True
651,6324,tabulapdf_tabula-java,TextElement,206,True,False,True,True,True,True,False,Library,1,1,0,0,EXPRESSION,True,False,False,True
652,6328,tabulapdf_tabula-java,TextElement,210,True,False,False,True,True,True,False,Library,0,0,0,0,EXPRESSION,False,False,True,True
653,6329,tabulapdf_tabula-java,TextElement,211,True,True,False,True,True,True,False,Library,2,1,1,0,IF,False,True,True,False
654,6338,tabulapdf_tabula-java,TextElement,220,True,False,True,True,True,True,False,Library,0,0,0,0,EXPRESSION,True,False,False,True
655,6346,tabulapdf_tabula-java,TextElement,228,True,False,True,True,True,True,False,Library,0,0,0,0,EXPRESSION,True,False,False,True
656,6355,tabulapdf_tabula-java,TextElement,237,True,False,True,True,True,True,False,Library,1,1,0,0,EXPRESSION,True,False,False,True
657,6360,tabulapdf_tabula-java,TextElement,242,True,True,False,True,True,True,False,Library,0,0,0,0,EXPRESSION,False,True,True,False
658,6361,tabulapdf_tabula-java,TextElement,243,True,False,False,True,True,True,False,Library,0,0,0,0,EXPRESSION,False,False,True,True
659,6362,tabulapdf_tabula-java,TextElement,244,True,False,False,True,True,True,False,Library,0,0,0,0,EXPRESSION,False,False,True,True
660,6374,tabulapdf_tabula-java,TextElement,256,True,False,False,True,True,True,False,Library,0,0,0,0,EXPRESSION,False,False,True,True
661,6375,tabulapdf_tabula-java,TextElement,257,True,False,False,True,True,True,False,Library,4,1,3,0,EXPRESSION,False,False,True,True
662,6383,tabulapdf_tabula-java,TextElement,265,True,False,True,True,True,True,False,Library,2,1,1,0,VARIABLE_DECLARATION,True,False,False,True
663,6435,tdebatty_java-string-similarity,LongestCommonSubsequence,40,True,False,False,True,True,True,False,Library,2,1,1,0,IF,False,False,True,True
664,6436,tdebatty_java-string-similarity,LongestCommonSubsequence,41,True,False,False,True,True,True,False,Library,0,0,0,0,THROW,False,False,True,True
665,6439,tdebatty_java-string-similarity,LongestCommonSubsequence,44,True,True,False,True,True,True,False,Library,2,1,1,0,IF,False,True,True,False
666,6440,tdebatty_java-string-similarity,LongestCommonSubsequence,45,True,False,False,True,True,True,False,Library,0,0,0,0,THROW,False,False,True,True
667,6443,tdebatty_java-string-similarity,LongestCommonSubsequence,48,True,True,False,True,True,True,False,Library,2,1,1,0,IF,False,True,True,False
668,6444,tdebatty_java-string-similarity,LongestCommonSubsequence,49,True,False,False,True,True,True,False,Library,0,0,0,0,RETURN,False,False,True,True
669,6460,tdebatty_java-string-similarity,LongestCommonSubsequence,65,True,False,False,True,True,True,False,Library,2,1,1,0,IF,False,False,True,True
670,6464,tdebatty_java-string-similarity,LongestCommonSubsequence,69,True,True,False,True,True,True,False,Library,2,1,1,0,IF,False,True,True,False
671,6488,tdebatty_java-string-similarity,LongestCommonSubsequence,93,True,False,True,True,True,True,False,Library,0,0,0,0,VARIABLE_DECLARATION,True,False,False,True
672,6492,tdebatty_java-string-similarity,LongestCommonSubsequence,97,True,False,True,True,True,True,False,Library,3,3,0,0,FOR,True,False,False,True
673,6493,tdebatty_java-string-similarity,LongestCommonSubsequence,98,True,False,True,True,True,True,False,Library,3,3,0,0,FOR,True,False,False,True
674,6494,tdebatty_java-string-similarity,LongestCommonSubsequence,99,True,False,True,True,True,True,False,Library,4,4,0,0,IF,True,False,False,True
675,6495,tdebatty_java-string-similarity,LongestCommonSubsequence,100,True,False,True,True,True,True,False,Library,3,3,0,0,EXPRESSION,True,False,False,True
676,6498,tdebatty_java-string-similarity,LongestCommonSubsequence,103,True,False,True,True,True,True,False,Library,2,2,0,0,EXPRESSION,True,False,False,True
677,6551,tdebatty_java-string-similarity,NGram,46,True,False,False,True,True,True,False,Library,2,1,1,0,IF,False,False,True,True
678,6552,tdebatty_java-string-similarity,NGram,47,True,False,False,True,True,True,False,Library,0,0,0,0,THROW,False,False,True,True
679,6555,tdebatty_java-string-similarity,NGram,50,True,True,False,True,True,True,False,Library,2,1,1,0,IF,False,True,True,False
680,6556,tdebatty_java-string-similarity,NGram,51,True,False,False,True,True,True,False,Library,0,0,0,0,THROW,False,False,True,True
681,6567,tdebatty_java-string-similarity,NGram,62,True,False,True,True,True,True,False,Library,4,4,0,0,IF,True,False,False,True
682,6568,tdebatty_java-string-similarity,NGram,63,True,False,True,True,True,True,False,Library,1,1,0,0,RETURN,True,False,False,True
683,6571,tdebatty_java-string-similarity,NGram,66,True,False,False,True,True,True,False,Library,0,0,0,0,VARIABLE_DECLARATION,False,False,True,True
684,6572,tdebatty_java-string-similarity,NGram,67,True,False,False,True,True,True,False,Library,6,2,4,0,IF,False,False,True,True
685,6581,tdebatty_java-string-similarity,NGram,76,True,True,False,True,True,True,False,Library,2,2,0,0,VARIABLE_DECLARATION,False,True,True,False
686,6587,tdebatty_java-string-similarity,NGram,82,True,True,False,True,True,True,False,Library,3,3,0,0,FOR,False,True,True,False
687,6588,tdebatty_java-string-similarity,NGram,83,True,True,False,True,True,True,False,Library,4,2,2,0,IF,False,True,True,False
688,6589,tdebatty_java-string-similarity,NGram,84,True,True,False,True,True,True,False,Library,0,0,0,0,EXPRESSION,False,True,True,False
689,6591,tdebatty_java-string-similarity,NGram,86,True,True,False,True,True,True,False,Library,2,2,0,0,EXPRESSION,False,True,True,False
690,6595,tdebatty_java-string-similarity,NGram,90,True,True,False,True,True,True,False,Library,1,1,0,0,EXPRESSION,False,True,True,False
691,6601,tdebatty_java-string-similarity,NGram,96,True,True,False,True,True,True,False,Library,0,0,0,0,VARIABLE_DECLARATION,False,True,True,False
692,6607,tdebatty_java-string-similarity,NGram,102,True,True,False,True,True,True,False,Library,3,1,2,0,FOR,False,True,True,False
693,6609,tdebatty_java-string-similarity,NGram,104,True,True,False,True,True,True,False,Library,3,2,1,0,IF,False,True,True,False
694,6610,tdebatty_java-string-similarity,NGram,105,True,True,False,True,True,True,False,Library,4,2,2,0,FOR,False,True,True,False
695,6611,tdebatty_java-string-similarity,NGram,106,True,True,False,True,True,True,False,Library,0,0,0,0,EXPRESSION,False,True,True,False
696,6613,tdebatty_java-string-similarity,NGram,108,True,True,False,True,True,True,False,Library,4,2,2,0,FOR,False,True,True,False
697,6614,tdebatty_java-string-similarity,NGram,109,True,True,False,True,True,True,False,Library,2,1,1,0,EXPRESSION,False,True,True,False
698,6617,tdebatty_java-string-similarity,NGram,112,True,True,False,True,True,True,False,Library,1,1,0,0,EXPRESSION,False,True,True,False
699,6619,tdebatty_java-string-similarity,NGram,114,True,True,False,True,True,True,False,Library,0,0,0,0,EXPRESSION,False,True,True,False
700,6620,tdebatty_java-string-similarity,NGram,115,True,True,False,True,True,True,False,Library,3,1,2,0,FOR,False,True,True,False
701,6621,tdebatty_java-string-similarity,NGram,116,True,True,False,True,True,True,False,Library,0,0,0,0,EXPRESSION,False,True,True,False
702,6622,tdebatty_java-string-similarity,NGram,117,True,True,False,True,True,True,False,Library,0,0,0,0,VARIABLE_DECLARATION,False,True,True,False
703,6624,tdebatty_java-string-similarity,NGram,119,True,True,False,True,True,True,False,Library,3,3,0,0,FOR,False,True,True,False
704,6625,tdebatty_java-string-similarity,NGram,120,True,True,False,True,True,True,False,Library,4,4,0,0,IF,False,True,True,False
705,6626,tdebatty_java-string-similarity,NGram,121,True,True,False,True,True,True,False,Library,1,1,0,0,EXPRESSION,False,True,True,False
706,6627,tdebatty_java-string-similarity,NGram,122,True,True,False,True,True,True,False,Library,4,3,1,0,IF,False,True,True,False
707,6629,tdebatty_java-string-similarity,NGram,124,True,True,False,True,True,True,False,Library,1,0,1,0,EXPRESSION,False,True,True,False
708,6632,tdebatty_java-string-similarity,NGram,127,True,True,False,True,True,True,False,Library,1,0,1,0,VARIABLE_DECLARATION,False,True,True,False
709,6635,tdebatty_java-string-similarity,NGram,130,True,True,False,True,True,True,False,Library,3,2,1,0,EXPRESSION,False,True,True,False
710,6639,tdebatty_java-string-similarity,NGram,134,True,True,False,True,True,True,False,Library,0,0,0,0,EXPRESSION,False,True,True,False
711,6640,tdebatty_java-string-similarity,NGram,135,True,True,False,True,True,True,False,Library,0,0,0,0,EXPRESSION,False,True,True,False
712,6641,tdebatty_java-string-similarity,NGram,136,True,True,False,True,True,True,False,Library,0,0,0,0,EXPRESSION,False,True,True,False
713,6703,tdebatty_java-string-similarity,OptimalStringAlignment,55,True,False,False,True,True,True,False,Library,2,1,1,0,IF,False,False,True,True
714,6704,tdebatty_java-string-similarity,OptimalStringAlignment,56,True,False,False,True,True,True,False,Library,0,0,0,0,THROW,False,False,True,True
715,6707,tdebatty_java-string-similarity,OptimalStringAlignment,59,True,True,False,True,True,True,False,Library,2,1,1,0,IF,False,True,True,False
716,6708,tdebatty_java-string-similarity,OptimalStringAlignment,60,True,False,False,True,True,True,False,Library,0,0,0,0,THROW,False,False,True,True
717,6711,tdebatty_java-string-similarity,OptimalStringAlignment,63,True,True,False,True,True,True,False,Library,2,1,1,0,IF,False,True,True,False
718,6712,tdebatty_java-string-similarity,OptimalStringAlignment,64,True,True,False,True,True,True,False,Library,0,0,0,0,RETURN,False,True,True,False
719,6717,tdebatty_java-string-similarity,OptimalStringAlignment,69,True,True,False,True,True,True,False,Library,2,1,1,0,IF,False,True,True,False
720,6718,tdebatty_java-string-similarity,OptimalStringAlignment,70,True,False,False,True,True,True,False,Library,1,1,0,0,RETURN,False,False,True,True
721,6721,tdebatty_java-string-similarity,OptimalStringAlignment,73,True,True,False,True,True,True,False,Library,2,1,1,0,IF,False,True,True,False
722,6722,tdebatty_java-string-similarity,OptimalStringAlignment,74,True,False,False,True,True,True,False,Library,1,1,0,0,RETURN,False,False,True,True
723,6729,tdebatty_java-string-similarity,OptimalStringAlignment,81,True,False,True,True,True,True,False,Library,3,2,1,0,FOR,True,False,False,True
724,6730,tdebatty_java-string-similarity,OptimalStringAlignment,82,True,False,True,True,True,True,False,Library,0,0,0,0,EXPRESSION,True,False,False,True
725,6732,tdebatty_java-string-similarity,OptimalStringAlignment,84,True,False,True,True,True,True,False,Library,3,3,0,0,FOR,True,False,False,True
726,6733,tdebatty_java-string-similarity,OptimalStringAlignment,85,True,False,True,True,True,True,False,Library,0,0,0,0,EXPRESSION,True,False,False,True
727,6743,tdebatty_java-string-similarity,OptimalStringAlignment,95,True,False,True,True,True,True,False,Library,0,0,0,0,EXPRESSION,True,False,False,True
728,6745,tdebatty_java-string-similarity,OptimalStringAlignment,97,True,False,True,True,True,True,False,Library,0,0,0,0,EXPRESSION,True,False,False,True
729,6748,tdebatty_java-string-similarity,OptimalStringAlignment,100,True,False,True,True,True,True,False,Library,7,7,0,0,EXPRESSION,True,False,False,True
730,6755,tdebatty_java-string-similarity,OptimalStringAlignment,107,True,False,True,True,True,True,False,Library,7,7,0,0,IF,True,False,False,True
731,6758,tdebatty_java-string-similarity,OptimalStringAlignment,110,True,False,True,True,True,True,False,Library,3,3,0,0,EXPRESSION,True,False,False,True
732,6768,tdebatty_java-string-similarity,OptimalStringAlignment,120,True,False,True,True,True,True,False,Library,1,1,0,0,RETURN,True,False,False,True
733,6830,tdebatty_java-string-similarity,RatcliffObershelp,60,True,False,False,True,True,True,False,Library,2,1,1,0,IF,False,False,True,True
734,6831,tdebatty_java-string-similarity,RatcliffObershelp,61,True,False,False,True,True,True,False,Library,0,0,0,0,THROW,False,False,True,True
735,6834,tdebatty_java-string-similarity,RatcliffObershelp,64,True,True,False,True,True,True,False,Library,2,1,1,0,IF,False,True,True,False
736,6835,tdebatty_java-string-similarity,RatcliffObershelp,65,True,False,False,True,True,True,False,Library,0,0,0,0,THROW,False,False,True,True
737,6839,tdebatty_java-string-similarity,RatcliffObershelp,69,True,False,True,True,True,True,False,Library,1,1,0,0,RETURN,True,False,False,True
738,6862,tdebatty_java-string-similarity,RatcliffObershelp,92,True,False,True,True,True,True,False,Library,2,2,0,0,RETURN,True,False,False,True
739,6872,tdebatty_java-string-similarity,RatcliffObershelp,102,True,False,True,True,True,True,False,Library,0,0,0,0,VARIABLE_DECLARATION,True,False,False,True
740,6874,tdebatty_java-string-similarity,RatcliffObershelp,104,True,False,True,True,True,True,False,Library,1,1,0,0,VARIABLE_DECLARATION,True,False,False,True
741,6875,tdebatty_java-string-similarity,RatcliffObershelp,105,True,False,True,True,True,True,False,Library,1,1,0,0,VARIABLE_DECLARATION,True,False,False,True
742,6876,tdebatty_java-string-similarity,RatcliffObershelp,106,True,False,True,True,True,True,False,Library,0,0,0,0,VARIABLE_DECLARATION,True,False,False,True
743,6878,tdebatty_java-string-similarity,RatcliffObershelp,108,True,False,True,True,True,True,False,Library,0,0,0,0,EXPRESSION,True,False,False,True
744,6879,tdebatty_java-string-similarity,RatcliffObershelp,109,True,False,True,True,True,True,False,Library,0,0,0,0,EXPRESSION,True,False,False,True
745,6880,tdebatty_java-string-similarity,RatcliffObershelp,110,True,False,True,True,True,True,False,Library,0,0,0,0,EXPRESSION,True,False,False,True
746,6888,tdebatty_java-string-similarity,RatcliffObershelp,118,True,False,True,True,True,True,False,Library,0,0,0,0,VARIABLE_DECLARATION,True,False,False,True
747,6983,tdebatty_java-string-similarity,SorensenDice,81,True,False,False,True,True,True,False,Library,2,1,1,0,IF,False,False,True,True
748,6984,tdebatty_java-string-similarity,SorensenDice,82,True,False,False,True,True,True,False,Library,0,0,0,0,THROW,False,False,True,True
749,6987,tdebatty_java-string-similarity,SorensenDice,85,True,True,False,True,True,True,False,Library,2,1,1,0,IF,False,True,True,False
750,6988,tdebatty_java-string-similarity,SorensenDice,86,True,False,False,True,True,True,False,Library,0,0,0,0,THROW,False,False,True,True
751,6992,tdebatty_java-string-similarity,SorensenDice,90,True,False,True,True,True,True,False,Library,1,1,0,0,RETURN,True,False,False,True
752,6998,tdebatty_java-string-similarity,SorensenDice,96,True,False,True,True,True,True,False,Library,0,0,0,0,VARIABLE_DECLARATION,True,False,False,True
753,7000,tdebatty_java-string-similarity,SorensenDice,98,True,True,False,True,True,True,False,Library,0,0,0,0,EXPRESSION,False,True,True,False
754,7004,tdebatty_java-string-similarity,SorensenDice,102,True,False,True,True,True,True,False,Library,0,0,0,0,FOR_EACH,True,False,False,True
755,7005,tdebatty_java-string-similarity,SorensenDice,103,True,False,True,True,True,True,False,Library,4,4,0,0,IF,True,False,False,True
756,7022,tdebatty_java-string-similarity,SorensenDice,120,True,False,True,True,True,True,False,Library,2,2,0,0,RETURN,True,False,False,True
